Date of Sale,Price,Address,City,State,Country
06/01/2018,212500,"72 BRACKEN HILL, SANDYFORD, DUBLIN 18, Dublin 18",Dublin,Leinster,Ireland
06/02/2018,153000,"42 MOYLARAGH MEWS, BALBRIGGAN, DUBLIN",Dublin,Leinster,Ireland
06/02/2018,450000,"75 GROVE RD, DUBLIN 6, DUBLIN, Dublin 6",Dublin,Leinster,Ireland
05/02/2018,318000,"47 BAYSIDE, BOULEVARD NORTH, BAYSIDE",Dublin,Leinster,Ireland
05/02/2018,8811,"Car space 80, Crosbie's Yard, Ossory Road, Dublin 3",Dublin,Leinster,Ireland
02/02/2018,410000,"24 RIVERWOOD GREEN, CARPENTERSTOWN, DUBLIN 15, Dublin 15",Dublin,Leinster,Ireland
02/02/2018,445000,"28 LEOPARDSTOWN ABBEY, CARRICKMINES, DUBLIN 18, Dublin 18",Dublin,Leinster,Ireland
02/02/2018,599950,"346 ORWELL PK CLOSE, DUBLIN 6W, DUBLIN",Dublin,Leinster,Ireland
02/02/2018,705000,"4 SPRINGFIELD PARK, FOXROCK, DUBLIN 18, Dublin 18",Dublin,Leinster,Ireland
02/02/2018,306000,"68 BARGY RD, EAST WALL, DUBLIN 3, Dublin 3",Dublin,Leinster,Ireland
02/02/2018,400000,"APARTMENT 94B, SMITHFIELD MARKET, DUBLIN 7",Dublin,Leinster,Ireland
02/02/2018,352000,"DARGENT, 25A BINN EADAIR VIEW, SUTTON, Dublin 13",Dublin,Leinster,Ireland
01/02/2018,485000,"3 PARK RD, GLENAGEARY HEIGHTS, GLENAGEARY",Dublin,Leinster,Ireland
01/02/2018,412000,"33 SOUTH DOCK ST, RINGSEND, DUBLIN 4, Dublin 4",Dublin,Leinster,Ireland
01/02/2018,390000,"8 KILLINEY TOWERS, KILLINEY, DUBLIN",Dublin,Leinster,Ireland
31/01/2018,440000,"27 GRANGE TERRACE, DEANSGRANGE, BLACKROCK",Dublin,Leinster,Ireland
31/01/2018,460000,"5 SEA COURT, LOUGHSHINNY, SKERRIES",Dublin,Leinster,Ireland
31/01/2018,470000,"51 ROSELAWN, BALLYDOWD, LUCAN",Dublin,Leinster,Ireland
31/01/2018,220000,"7 RIVERWOOD DENE, CASTLEKNOCK, DUBLIN 15, Dublin 15",Dublin,Leinster,Ireland
30/01/2018,305310,"7 Longview Place, Millers Glen, Swords",Dublin,Leinster,Ireland
29/01/2018,350000,"16 CATHEDRAL VIEW WALK, NEW ST, DUBLIN 8, Dublin 8",Dublin,Leinster,Ireland
29/01/2018,146000,"2 CASTLEGRANGE AVE, CASTAHEANY, CLONEE DUBLIN 15, Dublin 15",Dublin,Leinster,Ireland
29/01/2018,419000,"4 PODDLE PARK, BANGOR ROAD END, KIMMAGE",Dublin,Leinster,Ireland
29/01/2018,295000,"46 HUNTSTOWN LAWN, MULHUDDART, DUBLIN 15, Dublin 15",Dublin,Leinster,Ireland
26/01/2018,245000,"11 COLLINS SQ, BENBURB ST, DUBLIN 7, Dublin 7",Dublin,Leinster,Ireland
26/01/2018,245000,"16 SKELLIGS COURT, WATERVILLE, DUBLIN 15, Dublin 15",Dublin,Leinster,Ireland
26/01/2018,289775,"3 Castlegrange Lawn, Castlegrange, Clonsilla",Dublin,Leinster,Ireland
26/01/2018,400000,"31 RATHVALE PARK, AYRFIELD, DUBLIN 13, Dublin 13",Dublin,Leinster,Ireland
26/01/2018,232000,"43 GARRISON MEWS, THE RAMPARTS, CABINTEELY DUBLIN 18, Dublin 18",Dublin,Leinster,Ireland
26/01/2018,595000,"8 VESEY MEWS, VESEY PLACE, DUN LAOGHAIRE",Dublin,Leinster,Ireland
25/01/2018,375000,"130 GRATTAN LODGE, BALGRIFFIN, DUBLIN 13, Dublin 13",Dublin,Leinster,Ireland
25/01/2018,149779.73,"15 Willow House, Silverbanks, The Coast, Dublin 13",Dublin,Leinster,Ireland
25/01/2018,305000,"3 SITRIC PLACE, DUBLIN 7, DUBLIN, Dublin 7",Dublin,Leinster,Ireland
24/01/2018,356000,"1 BROOKMOUNT COURT, BUTTERFIELD AVE, RATHFARNHAM DUBLIN 14, Dublin 14",Dublin,Leinster,Ireland
24/01/2018,237500,"223 BURNELL SQ, NORTHERN CROSS, MALAHIDE RD DUBLIN 17, Dublin 17",Dublin,Leinster,Ireland
24/01/2018,670375,"4 The Grove, Hazelbrook Square, Churchtown, Dublin 14",Dublin,Leinster,Ireland
24/01/2018,185000,"48 VIRGINIA PARK, FINGLAS, DUBLIN 11, Dublin 11",Dublin,Leinster,Ireland
24/01/2018,325991.19,"95 ashfield avenue, swords, co dublin",Dublin,Leinster,Ireland
23/01/2018,350000,"67 BELFIELD PARK, STILLORGAN RD, BOOTERSTOWN",Dublin,Leinster,Ireland
22/01/2018,317500,"38 BETTYGLEN, RAHENY, DUBLIN 5, Dublin 5",Dublin,Leinster,Ireland
22/01/2018,850000,"95 SORRENTO RD, DALKEY, DUBLIN",Dublin,Leinster,Ireland
19/01/2018,740000,"1 ST PAULS TERRACE, SANDYCOVE, DUBLIN",Dublin,Leinster,Ireland
19/01/2018,200000,"17 FORTH RD, EASTWALL, DUBLIN 3, Dublin 3",Dublin,Leinster,Ireland
18/01/2018,642000,"23 CLONARD DR, SANDYFORD RD, DUBLIN 16, Dublin 16",Dublin,Leinster,Ireland
16/01/2018,333000,"61 FOREST DR, KINGSWOOD HEIGHTS, TALLAGHT DUBLIN 24, Dublin 24",Dublin,Leinster,Ireland
12/01/2018,700000,"8 BEECHWOOD COURT, STILLORGAN RD, BLACKROCK",Dublin,Leinster,Ireland
10/01/2018,523325,"45 ORWELL GATE, Marianella, RATHGAR, Dublin 6",Dublin,Leinster,Ireland
10/01/2018,546200,"61 Orwell Gate, Block A, Marianella, Dublin 6",Dublin,Leinster,Ireland
08/01/2018,230000,"108 WHEATFIELD RD, PALMERSTOWN, DUBLIN 20, Dublin 20",Dublin,Leinster,Ireland
05/01/2018,580000,"26 DERRYNANE GARDENS, BATH AVE, SANDYMOUNT, Dublin 4",Dublin,Leinster,Ireland
05/01/2018,261100,"33 HUNTSTOWN DRIVE, MULHUDDART, DUBLIN 15, Dublin 15",Dublin,Leinster,Ireland
02/02/2018,212500,"10 WESTEND GATE, TALLAGHT DUBLIN 24, DUBLIN, Dublin 24",Dublin,Leinster,Ireland
02/02/2018,742000,"15 WOODSTOWN PARK, WOODSTOWN VILLAGE, DUBLIN 16, Dublin 16",Dublin,Leinster,Ireland
02/02/2018,405000,"30 ELM COURT, MERRION ROAD, DUBLIN 4, Dublin 4",Dublin,Leinster,Ireland
02/02/2018,260000,"39 THE GROVE, MILLBROOK LAWNS, TALLAGHT DUBLIN 24, Dublin 24",Dublin,Leinster,Ireland
02/02/2018,540000,"40 CHELSEA GARDENS, DUBLIN 3, DUBLIN, Dublin 3",Dublin,Leinster,Ireland
02/02/2018,367500,"49 THE WATERSIDE, CHARLOTTE QUAY, DUBLIN 4, Dublin 4",Dublin,Leinster,Ireland
01/02/2018,374449.34,"1A Elton Park, Ard na Greine, Dublin 13",Dublin,Leinster,Ireland
01/02/2018,225000,"20 CRUISE PARK DR, TYRRELSTOWN, DUBLIN 15, Dublin 15",Dublin,Leinster,Ireland
01/02/2018,97345.76,"27 KELLYS BAY PIER, SKERRIES, DUBLIN",Dublin,Leinster,Ireland
01/02/2018,237000,"3 ELLENSBROUGH GRANGE, KILTIPPER RD, DUBLIN 24, Dublin 24",Dublin,Leinster,Ireland
01/02/2018,380000,"3 HORTON COURT, TERENURE, DUBLIN 6W",Dublin,Leinster,Ireland
01/02/2018,870000,"38 BRAEMOR PARK, CHURCHTOWN, DUBLIN 14, Dublin 14",Dublin,Leinster,Ireland
01/02/2018,339207,"7 ashfield court, ridgewood, swords",Dublin,Leinster,Ireland
31/01/2018,680000,"136 SANDYFORD ROAD, DUNDRUM, DUBLIN 16, Dublin 16",Dublin,Leinster,Ireland
31/01/2018,715000,"26 LOWER, GRAND CANAL ST, DUBLIN 2, Dublin 2",Dublin,Leinster,Ireland
31/01/2018,330000,"27 GLENWOOD RD, CAMERON PARK, RAHENY DUBLIN 5, Dublin 5",Dublin,Leinster,Ireland
31/01/2018,193000,"44A SEAFIELD CRESCENT, BLACKROCK, COUNTY DUBLIN",Dublin,Leinster,Ireland
31/01/2018,193000,"46 SEAFIELD CRESCENT, BLACKROCK, COUNTY DUBLIN",Dublin,Leinster,Ireland
31/01/2018,881057.27,"7 Hillfield, Rathmichael",Dublin,Leinster,Ireland
31/01/2018,275000,"77 CLONARD RD, CRUMLIN, DUBLIN 12, Dublin 12",Dublin,Leinster,Ireland
31/01/2018,193832,"83 Galtrim Grange, Malahide",Dublin,Leinster,Ireland
31/01/2018,475000,"88 MALAHIDE MARINA VILLAGE, MALAHIDE, DUBLIN",Dublin,Leinster,Ireland
31/01/2018,880000,"99 FOSTERS AVE, MOUNT MERRION, BLACKROCK",Dublin,Leinster,Ireland
31/01/2018,227000,"APT 141, TIMBER MILLS, KILMORE RD DUBLIN 5, Dublin 5",Dublin,Leinster,Ireland
31/01/2018,193000,"FLAT 1, 1 SEAFIELD PARK, BLACKROCK",Dublin,Leinster,Ireland
30/01/2018,240500,"29 AVE MARIA RD, MARYLAND, DUBLIN 8, Dublin 8",Dublin,Leinster,Ireland
30/01/2018,415000,"41 CASTLE WAY, CHANCERY LANE, DUBLIN 8, Dublin 8",Dublin,Leinster,Ireland
29/01/2018,303964,"3 longview place, millers glen, swords",Dublin,Leinster,Ireland
29/01/2018,250000,"77 LATCHFORD SQ, CASTAHEANY, DUBLIN 15, Dublin 15",Dublin,Leinster,Ireland
29/01/2018,178000,"Apartment 5 Block 2, New Priory, The Hole in the Wall, Dublin 13",Dublin,Leinster,Ireland
26/01/2018,400000,"163 BEECHWOOD COURT, STILLORGAN, DUBLIN",Dublin,Leinster,Ireland
26/01/2018,330000,"25 KNOCKMAREE ST LAURENCES RD, CHAPELIZOD, DUBLIN 20, Dublin 20",Dublin,Leinster,Ireland
26/01/2018,281938,"4 shackelton walk, Shackelton Park, Lucan",Dublin,Leinster,Ireland
26/01/2018,268293,"6 Hollywoodrath Park, Hollystown, Dublin 15",Dublin,Leinster,Ireland
26/01/2018,2375000,"CASTLETON, SANDYMOUNT GREEN, DUBLIN 4, Dublin 4",Dublin,Leinster,Ireland
25/01/2018,260000,"57 WATERMINT COURT, ROYAL CANAL PARK, ASHTOWN DUBLIN 15, Dublin 15",Dublin,Leinster,Ireland
24/01/2018,286211.45,"14 The Way, Citywest Village, Dublin 24",Dublin,Leinster,Ireland
24/01/2018,322000,"35 WEAVERS HALL, LEVMOSS PARK, THE GALLOPS, Dublin 18",Dublin,Leinster,Ireland
22/01/2018,555000,"3 CHERRY LAWN, CARPENTERSTOWN PARK, CASTLEKNOCK DUBLIN 15, Dublin 15",Dublin,Leinster,Ireland
22/01/2018,700000,"3 SAINT DAVIDS GROVE, ARTANE, DUBLIN 5",Dublin,Leinster,Ireland
22/01/2018,241000,"4 CONVENT LANE, RUSH, CO DUBLIN",Dublin,Leinster,Ireland
19/01/2018,1110000,"28 BEACH RD, SANDYMOUNT, DUBLIN 4, Dublin 4",Dublin,Leinster,Ireland
18/01/2018,455000,"6 MILBOURNE AVE, DRUMCONDRA DUBLIN 9, DUBLIN, Dublin 9",Dublin,Leinster,Ireland
17/01/2018,310000,"11 THE PAVILION, MARINE ROAD, DUN LAOGHAIRE, Dublin 15",Dublin,Leinster,Ireland
17/01/2018,500000,"80 CASTLEBYRNE PARK, BLACKROCK, DUBLIN",Dublin,Leinster,Ireland
15/01/2018,1755000,"Flats 1 2 3 4 and 5, ALCOR HOUSE, 21-22 HARCOURT RD DUBLIN 2, Dublin 2",Dublin,Leinster,Ireland
08/01/2018,792951.54,"Brookwood Lodge, Glenamuck Road South, Carrickmines, Dublin 18",Dublin,Leinster,Ireland
08/01/2018,1560000,"SEASPRAY, NEWTOWNSMITH, SANDYCOVE",Dublin,Leinster,Ireland
05/01/2018,370000,"32 Dodderbrook Drive, Dublin 24, Dublin 24",Dublin,Leinster,Ireland
04/01/2018,635000,"MARYMOUNT HOUSE, DARDISTOWN, CLOGHRAN",Dublin,Leinster,Ireland
02/02/2018,172000,"1 GATEWAY PLACE, BALLYMUN, DUBLIN 11, Dublin 11",Dublin,Leinster,Ireland
01/02/2018,395000,"14 KELLYS BAY BEACH, SKERRIES, DUBLIN",Dublin,Leinster,Ireland
01/02/2018,232000,"157 CHERRYWOOD PARK, CLONDALKIN, DUBLIN 22, Dublin 22",Dublin,Leinster,Ireland
01/02/2018,395000,"164 THE GEORGE, CHARLOTTE QUAY, DUBLIN 2, Dublin 4",Dublin,Leinster,Ireland
01/02/2018,675000,"2 BAYMOUNT PARK, MOUNT PROSPECT AVE, DOLLYMOUNT DUBLIN 3, Dublin 3",Dublin,Leinster,Ireland
01/02/2018,250000,"200 ALPINE HEIGHTS, CLONDALKIN, DUBLIN 22, Dublin 22",Dublin,Leinster,Ireland
01/02/2018,255000,"27 Castleland Park Drive, Balbriggan, Co Dublin",Dublin,Leinster,Ireland
01/02/2018,685260,"34 RICHMOND PARK, MONKSTOWN, DUBLIN",Dublin,Leinster,Ireland
01/02/2018,202500,"59 THE COURTHOUSE, MAIN ST, RATHCOOLE, Dublin 24",Dublin,Leinster,Ireland
01/02/2018,480177,"Apartment 75, Eustace Court, Cualanor",Dublin,Leinster,Ireland
01/02/2018,215000,"APT 9 KINGS HALL, 191 193 PHIBSBORO RD, DUBLIN 7, Dublin 7",Dublin,Leinster,Ireland
31/01/2018,356000,"1 MAPLE LAWN, CASTLEKNOCK, DUBLIN, Dublin 15",Dublin,Leinster,Ireland
31/01/2018,378000,"1 PRIORY STREET, CLONGRIFFIN, DUBLIN13, Dublin 13",Dublin,Leinster,Ireland
31/01/2018,352000,"169 THE LINKS, DONABATE, DUBLIN",Dublin,Leinster,Ireland
31/01/2018,568282,"2 Hawthorn Avenue, Bird Avenue, Clonskeagh",Dublin,Leinster,Ireland
31/01/2018,295000,"29 FINN EBER FORT, FINGLAS DUBLIN 11, DUBLIN, Dublin 11",Dublin,Leinster,Ireland
31/01/2018,193000,"44 SEAFIELD CRESCENT, BLACKROCK, DUBLIN",Dublin,Leinster,Ireland
31/01/2018,895000,"6 CLOISTER AVE, BLACKROCK, DUBLIN",Dublin,Leinster,Ireland
31/01/2018,560000,"7 KNOCKCULLEN RISE, KNOCKLYON RD, DUBLIN 16, Dublin 16",Dublin,Leinster,Ireland
31/01/2018,300000,"APT 18, 2 REUBEN PLAZA, RIALTO DUBLIN 8, Dublin 8",Dublin,Leinster,Ireland
31/01/2018,193000,"FLAT 2, 1 SEAFIELD PARK, BLACKROCK",Dublin,Leinster,Ireland
30/01/2018,158333,"26 MANOR COURT, MOUNT ARGUS GROVE, HARROLDS CROSS DUBLIN 6",Dublin,Leinster,Ireland
30/01/2018,418502,"26 Orwell Gate, Marianella, Rathgar, Dublin 6",Dublin,Leinster,Ireland
30/01/2018,158333,"28 MANOR COURT, MOUNT ARGUS GROVE, HARROLDS CROSS DUBLIN 6",Dublin,Leinster,Ireland
30/01/2018,158333,"30 MANOR COURT, MOUNT ARGUS GROVE, HARROLDS CROSS DUBLIN 6",Dublin,Leinster,Ireland
30/01/2018,158333,"32 MANOR COURT, MOUNT ARGUS GROVE, HARROLDS CROSS DUBLIN 6",Dublin,Leinster,Ireland
30/01/2018,158333,"33 MANOR COURT, MOUNT ARGUS GROVE, HARROLDS CROSS DUBLIN 6",Dublin,Leinster,Ireland
30/01/2018,158333,"36 MANOR COURT, MOUNT ARGUS GROVE, HARROLDS CROSS DUBLIN 6",Dublin,Leinster,Ireland
30/01/2018,346000,"5 ARDEE COURT, ARDEE RD, RATHMINES DUBLIN 6, Dublin 6",Dublin,Leinster,Ireland
29/01/2018,627000,"12 BALALLY HILL, DUNDRUM, DUBLIN 14, Dublin 16",Dublin,Leinster,Ireland
29/01/2018,220000,"56 CITY GATE, ST AUGUSTINE STREET, DUBLIN 8, Dublin 8",Dublin,Leinster,Ireland
26/01/2018,1000000,"5 CASTLEWOOD AVE, RATHMINES, DUBLIN 6, Dublin 6",Dublin,Leinster,Ireland
25/01/2018,870000,"148 STILLORGAN RD, DUBLIN 4, DUBLIN, Dublin 4",Dublin,Leinster,Ireland
25/01/2018,270000,"42, WINDMILL PARK, CRUMLIN DUBLIN 12, Dublin 12",Dublin,Leinster,Ireland
24/01/2018,268000,"227 THE TRAMYARD, SPA RD, INCHICORE DUBLIN 8, Dublin 8",Dublin,Leinster,Ireland
24/01/2018,246050,"6 MOLAND HOUSE, TALBOT ST, DUBLIN 1, Dublin 1",Dublin,Leinster,Ireland
22/01/2018,222500,"67 CLONARD CT, BALBRIGGAN, DUBLIN",Dublin,Leinster,Ireland
19/01/2018,370044.05,"11 ORCHARD VIEW, BEAVERSTOWN ROAD, DONABATE",Dublin,Leinster,Ireland
19/01/2018,513000,"4 BAYVIEW RISE, KILLINEY, DUBLIN",Dublin,Leinster,Ireland
19/01/2018,355000,"49 OAK RD, DUBLIN 9, DUBLIN, Dublin 9",Dublin,Leinster,Ireland
19/01/2018,250000,"6 STOCKYARD, STEELWORKS, FOLEY ST",Dublin,Leinster,Ireland
17/01/2018,305000,"7 LARKFIELD, PLACE, LUCAN",Dublin,Leinster,Ireland
16/01/2018,685000,"5 SPRINGFIELD RD, TEMPLEOGUE, DUBLIN 6W",Dublin,Leinster,Ireland
15/01/2018,205000,"APPARTMENT BLOCK 13, NEWMSRKET SQUARE, WARDS HILL",Dublin,Leinster,Ireland
15/01/2018,255000,"APT 24 HENRIETTA HALL, 43 45 BOLTON ST, DUBLIN 1, Dublin 1",Dublin,Leinster,Ireland
12/01/2018,920000,"26 MERLYN RD, BALLSBRIDGE, DUBLIN 4, Dublin 4",Dublin,Leinster,Ireland
08/01/2018,354000,"66 BEECHWOOD LAWNS, RATHCOOLE, DUBLIN 24, Dublin 24",Dublin,Leinster,Ireland
08/01/2018,230000,"93 CARNLOUGH RD, CABRA RD, CABRA DUBLIN 7, Dublin 7",Dublin,Leinster,Ireland
05/01/2018,335000,"39 SITRIC RD, STONEYBATTER, DUBLIN 7, Dublin 7",Dublin,Leinster,Ireland
05/01/2018,268721,"Apt. No. 14 Greenbank House, Cualanor Uppr. Glenageary Road",Dublin,Leinster,Ireland
31/01/2018,160000,"13 CASTLEMILL, HAMLET LANE, BALBRIGGAN",Dublin,Leinster,Ireland
31/01/2018,665000,"17 ASHDALE RD, TERENURE, DUBLIN 6W",Dublin,Leinster,Ireland
31/01/2018,750000,"25 LAURLEEN, LEOPARDSTOWN GROVE, BLACKROCK",Dublin,Leinster,Ireland
31/01/2018,400000,"32 HAZELBROOK APTS, UPPER KILMACUD RD, DUBLIN 14",Dublin,Leinster,Ireland
31/01/2018,150000,"34 CEDARBROOK WAY, CHERRY ORCHARD, BALLYFERMOT",Dublin,Leinster,Ireland
30/01/2018,158333,"25 MANOR COURT, MOUNT ARGUS GROVE, HARROLDS CROSS DUBLIN 6",Dublin,Leinster,Ireland
30/01/2018,158333,"27 MANOR COURT, MOUNT ARGUS GROVE, HARROLDS CROSS DUBLIN 6",Dublin,Leinster,Ireland
30/01/2018,158333,"29 MANOR COURT, MOUNT ARGUS GROVE, HARROLDS CROSS DUBLIN 6",Dublin,Leinster,Ireland
30/01/2018,158333,"31 MANOR COURT, MOUNT ARGUS GROVE, HARROLDS CROSS DUBLIN 6",Dublin,Leinster,Ireland
30/01/2018,158333,"34 MANOR COURT, MOUNT ARGUS GROVE, HARROLDS CROSS DUBLIN 6",Dublin,Leinster,Ireland
30/01/2018,325000,"4 CANON HALL, CHURCH ST EAST, DUBLIN 3",Dublin,Leinster,Ireland
30/01/2018,330000,"42 WOODLAWN DR, WOODLAWN, SANTRY, Dublin 17",Dublin,Leinster,Ireland
30/01/2018,305000,"43 ST JAMESS AVE, BALLYBOUGH, DUBLIN 3, Dublin 3",Dublin,Leinster,Ireland
30/01/2018,221000,"7 DUN SAITHNE RD, FLEMINGTON LANE, BALBRIGGAN",Dublin,Leinster,Ireland
30/01/2018,440500,"8 Larkfield Glade, Clay Farm, Leopardstown, Dublin 18",Dublin,Leinster,Ireland
29/01/2018,581497.79,"1 Hawthorn Avenue, Bird Avenue, Clonskeagh",Dublin,Leinster,Ireland
29/01/2018,684471,"20 BOYD AVENUE, HONEYPARK, DUN LAOGHAIRE",Dublin,Leinster,Ireland
29/01/2018,323000,"20 DRYNAM GREEN, DRYNAM HALL, KINSEALY",Dublin,Leinster,Ireland
29/01/2018,200000,"43/44 EAST ARRAN ST, DUBLIN 7, DUBLIN, Dublin 7",Dublin,Leinster,Ireland
26/01/2018,387500,"1 OAKDALE CLOSE, BALLYCULLEN, DUBLIN 24, Dublin 24",Dublin,Leinster,Ireland
26/01/2018,253000,"19 CLADDAGH RD, BALLYFERMOT, DUBLIN 10, Dublin 10",Dublin,Leinster,Ireland
26/01/2018,285000,"3 WAVERLEY AVE, FAIRVIEW, DUBLIN 3, Dublin 3",Dublin,Leinster,Ireland
26/01/2018,750000,"32 FITZWILLIAM ST UPPER, DUBLIN 2",Dublin,Leinster,Ireland
26/01/2018,299879,"46 Longview Avenue, Millers Glen, Swords",Dublin,Leinster,Ireland
26/01/2018,590000,"70 BALALLY AVE, DUNDRUM, DUBLIN 16, Dublin 16",Dublin,Leinster,Ireland
26/01/2018,530000,"99 WESTBOURNE LODGE, TEMPLEOGUE, DUBLIN 16, Dublin 16",Dublin,Leinster,Ireland
25/01/2018,423000,"21 WOODFIELD AVE, INCHICORE, DUBLIN 10, Dublin 10",Dublin,Leinster,Ireland
25/01/2018,334802,"29 Parkside Boulevard, Parkside Road, Malahide",Dublin,Leinster,Ireland
24/01/2018,1050000,"16 ARDLUI PARK, BLACKROCK, DUBLIN",Dublin,Leinster,Ireland
24/01/2018,1156888,"CASA TINA, ALBANY AVE, MONKSTOWN",Dublin,Leinster,Ireland
23/01/2018,244500,"18 ALDERWOOD DR, SPRINGFIELD, TALLAGHT DUBLIN 24, Dublin 24",Dublin,Leinster,Ireland
23/01/2018,325000,"25 PORTSIDE COURT, EAST WALL, DUBLIN 3, Dublin 3",Dublin,Leinster,Ireland
23/01/2018,470000,"99 ST ANNES SQ, PORTMARNOCK, DUBLIN, Dublin 13",Dublin,Leinster,Ireland
23/01/2018,250000,"APT 116, BOW BRIDGE PLACE, IRWIN ST DUBLIN 8, Dublin 8",Dublin,Leinster,Ireland
22/01/2018,290000,"67 KIMMAGE GROVE, KIMMAGE RD LOWER, DUBLIN 6W",Dublin,Leinster,Ireland
22/01/2018,285000,"APT 2, 38 HADDINGTON RD, BALLSBRIDGE, Dublin 4",Dublin,Leinster,Ireland
19/01/2018,150000,"19 MONTPELIER VIEW, JOBSTOWN, TALLAGHT DUBLIN 24, Dublin 24",Dublin,Leinster,Ireland
19/01/2018,600000,"23 AUNGIER ST, DUBLIN 2, DUBLIN, Dublin 2",Dublin,Leinster,Ireland
19/01/2018,371950,"4 Hamilton Hill, Barnageeragh Cove, Skerries",Dublin,Leinster,Ireland
18/01/2018,295000,"33 RING TCE, DUBLIN 8, DUBLIN, Dublin 8",Dublin,Leinster,Ireland
15/01/2018,850000,"ALTHAFOYLE, 2 ARDILEA DOWNS, MOUNT ANVILLE RD DUBLIN 14, Dublin 14",Dublin,Leinster,Ireland
12/01/2018,257000,"21 HOLYWELL DENE, SWORDS, CO DUBLIN",Dublin,Leinster,Ireland
12/01/2018,100000,"4 MARTELLO TERRACE, STRAND RD, SUTTON DUBLIN 13, Dublin 13",Dublin,Leinster,Ireland
12/01/2018,525000,"APT 3, CLEARWATER APTS, COAST RD",Dublin,Leinster,Ireland
11/01/2018,497000,"43 CAMDEN LOCK, GRAND CANAL QUAY, RINGSEND DUBLIN 4, Dublin 4",Dublin,Leinster,Ireland
10/01/2018,350200,"Unit 27 Parkside Boulevard, Parkside, Malahide Road, Dublin 13",Dublin,Leinster,Ireland
09/01/2018,310000,"MILVERTON, SKERRIES, COUNTY DUBLIN",Dublin,Leinster,Ireland
08/01/2018,190000,"10 ROBERT ST, DUBLIN 8, DUBLIN, Dublin 8",Dublin,Leinster,Ireland
05/01/2018,268721,"Apt. No. 12 Greenbank House, Cualanor Uppr. Glenageary Road",Dublin,Leinster,Ireland
03/01/2018,342000,"25 CASTLEKNOCK DOWNS, DUBLIN 15, DUBLIN, Dublin 15",Dublin,Leinster,Ireland
31/01/2018,260000,"69 OAK WAY, GREENPARK, CLONDALKIN DUBLIN 22, Dublin 22",Dublin,Leinster,Ireland
30/01/2018,340000,"21 OLIVEMOUNT GROVE, DUNDRUM, DUBLIN 14, Dublin 14",Dublin,Leinster,Ireland
30/01/2018,217000,"4 HASTINGS AVE, BALBRIGGAN, DUBLIN",Dublin,Leinster,Ireland
30/01/2018,383259.92,"40 Royal Canal Avenue, Royal Canal Park, Ashtotwn, Dublin 15",Dublin,Leinster,Ireland
30/01/2018,206500,"52 MELLOWES RD, FINGLAS WEST, DUBLIN 11, Dublin 11",Dublin,Leinster,Ireland
30/01/2018,375000,"7 HIGHFIELD MANOR, HIGHFIELD RD, RATHGAR DUBLIN 6, Dublin 6",Dublin,Leinster,Ireland
30/01/2018,525000,"90 WATSON DR, KILLINEY, DUBLIN",Dublin,Leinster,Ireland
29/01/2018,418502.2,"14 Grace Park Way, Grace Park Wood, Grace Park Road, Dublin 9",Dublin,Leinster,Ireland
29/01/2018,524229.07,"40 The Avenue, Scholarstown Wood, Scholarstown Road",Dublin,Leinster,Ireland
29/01/2018,291500,"46 KIRWAN ST COTTAGES, DUBLIN 7, Dublin 7",Dublin,Leinster,Ireland
29/01/2018,281938.32,"5 SHACKLETON WALK, SHACKLETON PARK, LUCAN",Dublin,Leinster,Ireland
29/01/2018,630000,"APT 33 BLOCK K, HANOVER RIVERSIDE, HANOVER QUAY",Dublin,Leinster,Ireland
26/01/2018,405000,"23 HILLCREST CLOSE, LUCAN, DUBLIN",Dublin,Leinster,Ireland
26/01/2018,675000,"243 LIMETREE AVE, PORTMARNOCK, DUBLIN, Dublin 13",Dublin,Leinster,Ireland
26/01/2018,302000,"26 MONKSTOWN SQ, MONKSTOWN AVE, MONKSTOWN",Dublin,Leinster,Ireland
26/01/2018,545000,"3 ROCKFORD MANOR, STRADBROOK RD, BLACKROCK",Dublin,Leinster,Ireland
26/01/2018,229074.88,"32 Birch House, The Coast, Baldoyle",Dublin,Leinster,Ireland
26/01/2018,325000,"65 ANNAMOE TERRACE, CABRA, DUBLIN 7, Dublin 7",Dublin,Leinster,Ireland
26/01/2018,123000,"86 GATEWAY CRESCENT, BALLYMUN, DUBLIN",Dublin,Leinster,Ireland
25/01/2018,400000,"36 CONQUER HILL RD, CLONTARF, DUBLIN 3, Dublin 3",Dublin,Leinster,Ireland
25/01/2018,310000,"4 THE BRAMBLIES, OLD ORCHARD, OLD LEIXLIP RD, Dublin 14",Dublin,Leinster,Ireland
25/01/2018,185000,"49A WOOD AVENS, CLONDALKIN, DUBLIN 22, Dublin 22",Dublin,Leinster,Ireland
25/01/2018,244000,"61 MERCHANTS RD, EASTWALL, DUBLIN 3, Dublin 3",Dublin,Leinster,Ireland
24/01/2018,214285.71,"1 SHELMARTIN HOUSE, SHELMARTIN TERRACE, FAIRVIEW DUBLIN 3, Dublin 3",Dublin,Leinster,Ireland
24/01/2018,214285.71,"10 SHELMARTIN HOUSE, SHELMARTIN TERRACE, FAIRVIEW DUBLIN 3, Dublin 3",Dublin,Leinster,Ireland
24/01/2018,295154.18,"13 Adamstown Boulevard, Adamstown Square, Adamstown",Dublin,Leinster,Ireland
24/01/2018,214285.71,"2 SHELMARTIN HOUSE, SHELMARTIN TERRACE, FAIRVIEW DUBLIN 3, Dublin 3",Dublin,Leinster,Ireland
24/01/2018,214285.71,"4 SHELMARTIN HOUSE, SHELMARTIN TERRACE, FAIRVIEW DUBLIN 3, Dublin 3",Dublin,Leinster,Ireland
24/01/2018,245000,"44 PARKLANDS COURT, BALLYCULLEN RD, FIRHOUSE DUBLIN 24, Dublin 24",Dublin,Leinster,Ireland
24/01/2018,358407.08,"5 Comyn Manor, Seatown Road, Swords",Dublin,Leinster,Ireland
24/01/2018,214285.71,"5 SHELMARTIN HOUSE, SHELMARTIN TERRACE, FAIRVIEW DUBLIN 3, Dublin 3",Dublin,Leinster,Ireland
24/01/2018,214285.71,"8 SHELMARTIN HOUSE, SHELMARTIN TERRACE, FAIRVIEW DUBLIN 3, Dublin 3",Dublin,Leinster,Ireland
24/01/2018,340000,"FORREST LITTLE, FOREST RD, SWORDS",Dublin,Leinster,Ireland
23/01/2018,2650000,"61 WELLINGTON RD, BALLSBRIDGE, DUBLIN 4, Dublin 4",Dublin,Leinster,Ireland
23/01/2018,810000,"70 TEMPLE RD BLACKROCK, BLACKROCK, DUBLIN",Dublin,Leinster,Ireland
22/01/2018,368000,"1 ST MOCHTAS GLEN, CLONSILLA, DUBLIN 15, Dublin 15",Dublin,Leinster,Ireland
22/01/2018,460000,"17 MANOR PLACE, STONEYBATTER, DUBLIN 7, Dublin 7",Dublin,Leinster,Ireland
22/01/2018,625000,"3 KINGSLAND PARADE, PORTOBELLO, DUBLIN 8, Dublin 8",Dublin,Leinster,Ireland
22/01/2018,375000,"7 KNIGHTSWOOD, BALROTHERY, BALBRIGGAN",Dublin,Leinster,Ireland
19/01/2018,302000,"55 TEMPLE LAWNS, NORTHWOOD, SANTRY DUBLIN 9, Dublin 9",Dublin,Leinster,Ireland
19/01/2018,790000,"59 LOWER ALBERT RD, SANDYCOVE, DUBLIN",Dublin,Leinster,Ireland
17/01/2018,315000,"29 TEMPLEVIEW AVE, CLAREHALL, DUBLIN 13, Dublin 13",Dublin,Leinster,Ireland
16/01/2018,346000,"54 CASTLE RIADA AVE, LUCAN, DUBLIN",Dublin,Leinster,Ireland
12/01/2018,390000,"13 OTTERBROOK, RATHFARNHAM, DUBLIN 14, Dublin 14",Dublin,Leinster,Ireland
12/01/2018,218000,"5 CEOL NA MARA, RUSH, DUBLIN",Dublin,Leinster,Ireland
12/01/2018,265000,"65 LISDALE AVE, DRIMNAGH, DUBLIN 12, Dublin 12",Dublin,Leinster,Ireland
11/01/2018,457000,"15 ROCKFORD PARK, BLACKROCK, DUBLIN",Dublin,Leinster,Ireland
10/01/2018,365000,"3 COOLMINE MEWS, CLONSILLA, DUBLIN 15, Dublin 15",Dublin,Leinster,Ireland
09/01/2018,350000,"45 THE ROWAN, ROCKFIELD, DUNDRUM, Dublin 16",Dublin,Leinster,Ireland
04/01/2018,250000,"28 HAZELWOOD COURT, CLONSILLA, DUBLIN 15, Dublin 15",Dublin,Leinster,Ireland
29/01/2018,537000,"15D BEECH HILL DR, DONNYBROOK, DUBLIN 4, Dublin 4",Dublin,Leinster,Ireland
29/01/2018,327000,"78 AUGHAVANAGH RD, CRUMLIN, DUBLIN 12, Dublin 12",Dublin,Leinster,Ireland
26/01/2018,872247,"1 Broadlands, Ballinclea Road, Killiney",Dublin,Leinster,Ireland
26/01/2018,660000,"11 LEINSTER PARK, HAROLDS CROSS, DUBLIN 6 W",Dublin,Leinster,Ireland
26/01/2018,460000,"122 LARAGHCON, LUCAN, DUBLIN",Dublin,Leinster,Ireland
26/01/2018,240000,"2 PINEBROOK DOWNS, CLONSILLA, DUBLIN 15, Dublin 15",Dublin,Leinster,Ireland
26/01/2018,206000,"20 COLLIS COURT, JUGBACK LANE, SWORDS",Dublin,Leinster,Ireland
26/01/2018,246696,"29 Red Arches Avenue, Silverbanks, Baldoyle, Dublin 13",Dublin,Leinster,Ireland
26/01/2018,528635,"37 Woodbank, Dublin Road, Shankill",Dublin,Leinster,Ireland
26/01/2018,175000,"46 CHANDLERS GUILD, JAMESS ST, DUBLIN 8, Dublin 8",Dublin,Leinster,Ireland
26/01/2018,295154.2,"6 Hollywoodrath Crescent, Hollystown, Dublin 15",Dublin,Leinster,Ireland
26/01/2018,187500,"62 CARNEGIE COURT, SWORDS, DUBLIN",Dublin,Leinster,Ireland
26/01/2018,425000,"APT 99 BLOCK A, SMITHFIELD MARKET, SMITHFIELD, Dublin 7",Dublin,Leinster,Ireland
26/01/2018,670000,"FLAT 1., 72A SUMMERHILL, SUMMERHILL",Dublin,Leinster,Ireland
26/01/2018,431000,"S419 LONGBOAT QUAY SOUTH, HANOVER QUAY, DUBLIN 2, Dublin 2",Dublin,Leinster,Ireland
25/01/2018,471366,"11 Hyde Road, Belmont, Aikens Village",Dublin,Leinster,Ireland
25/01/2018,280000,"11 WILLOW WOOD GROVE, CLONSILLA, DUBLIN 15, Dublin 15",Dublin,Leinster,Ireland
25/01/2018,251101,"15 Elder Heath Grove, Kiltipper Road, Dublin 24",Dublin,Leinster,Ireland
25/01/2018,265000,"31 YELLOW MEADOWS DR, CLONDALKIN, DUBLIN 22, Dublin 22",Dublin,Leinster,Ireland
25/01/2018,437000,"7 THE RISE, CARRICKMINES MANOR, GLENAMUCK RD DUBLIN 18, Dublin 18",Dublin,Leinster,Ireland
25/01/2018,260000,"95 KEEPER RD, DUBLIN 12, DUBLIN, Dublin 12",Dublin,Leinster,Ireland
24/01/2018,214285.71,"104 PHILISBURGH AVE, FAIRVIEW, DUBLIN 3, Dublin 3",Dublin,Leinster,Ireland
24/01/2018,214285.71,"106 PHILISBURGH AVE, FAIRVIEW, DUBLIN 3, Dublin 3",Dublin,Leinster,Ireland
24/01/2018,214285.71,"108 PHILISBURGH AVE, FAIRVIEW, DUBLIN 3, Dublin 3",Dublin,Leinster,Ireland
24/01/2018,296500,"11 GRANGE RD, GRANGE ABBEY, BALDOYLE, Dublin 13",Dublin,Leinster,Ireland
24/01/2018,215400,"110 PHILISBURGH AVE, FAIRVIEW, DUBLIN 3, Dublin 3",Dublin,Leinster,Ireland
24/01/2018,224000,"13 THE WATER RILL, SWORDS ROAD, MALAHIDE",Dublin,Leinster,Ireland
24/01/2018,255506.6,"18 Stratton Square, Adamstown Square, Adamstown",Dublin,Leinster,Ireland
24/01/2018,214285.71,"3 SHELMARTIN HOUSE, SHELMARTIN TERRACE, FAIRVIEW DUBLIN 3, Dublin 3",Dublin,Leinster,Ireland
24/01/2018,214285.71,"6 SHELMARTIN HOUSE, SHELMARTIN TERRACE, FAIRVIEW DUBLIN 3, Dublin 3",Dublin,Leinster,Ireland
24/01/2018,214285.71,"7 SHELMARTIN HOUSE, SHELMARTIN TERRACE, FAIRVIEW DUBLIN 3, Dublin 3",Dublin,Leinster,Ireland
24/01/2018,214285.71,"9 SHELMARTIN HOUSE, SHELMARTIN TERRACE, FAIRVIEW DUBLIN 3, Dublin 3",Dublin,Leinster,Ireland
24/01/2018,185000,"91 CASTLEGATE WAY, ADAMSTOWN, LUCAN",Dublin,Leinster,Ireland
23/01/2018,555000,"10 WAINSFORT, MANOR GREEN, TERENURE DUBLIN 6W",Dublin,Leinster,Ireland
23/01/2018,452000,"2 WARREN ST, PORTOBELLO DUBLIN 8, DUBLIN, Dublin 8",Dublin,Leinster,Ireland
19/01/2018,309000,"19 TRADERS WHARF, USHERS QUAY, DUBLIN 8, Dublin 8",Dublin,Leinster,Ireland
19/01/2018,215000,"65 MOATVIEW AVE, PRIORSWOOD, DUBLIN 17, Dublin 17",Dublin,Leinster,Ireland
19/01/2018,323000,"APT 116 ROYAL CANAL COURT, ASHTOWN, DUBLIN 15, Dublin 15",Dublin,Leinster,Ireland
18/01/2018,382000,"58 ST ANNS SQ, PORTMARNOCK, DUBLIN, Dublin 13",Dublin,Leinster,Ireland
18/01/2018,250000,"6 THE ORCHARD, 645 SOUTH CIRCULAR RD, DUBLIN 8, Dublin 8",Dublin,Leinster,Ireland
16/01/2018,537443,"11 Terenure Gate, Terenure Road West, Dublin 6w",Dublin,Leinster,Ireland
16/01/2018,297000,"42 IVY EXCHANGE, PARNELL STREET, DUBLIN 1",Dublin,Leinster,Ireland
16/01/2018,235000,"7 FOREST HILLS, SWORDS, DUBLIN",Dublin,Leinster,Ireland
15/01/2018,542000,"2 ROCKABILL VIEW, LOUGHSHINNY, SKERRIES",Dublin,Leinster,Ireland
12/01/2018,266000,"4 ASHLEIGH COURT, CASTLEKNOCK, DUBLIN 15, Dublin 15",Dublin,Leinster,Ireland
11/01/2018,336000,"64 ST CONLETHS RD, WALKINSTOWN DUBLIN 12, DUBLIN, Dublin 12",Dublin,Leinster,Ireland
09/01/2018,225000,"131 VERDEMONT, SNUGBOROUGH RD, BLANCHARDSTOWN DUBLIN 15, Dublin 15",Dublin,Leinster,Ireland
09/01/2018,333920,"26 Rathmill Green, Rathmill Manor, Rathcole",Dublin,Leinster,Ireland
08/01/2018,410000,"38 GALTRIM GRANGE, BROOMFIELD, MALAHIDE",Dublin,Leinster,Ireland
02/01/2018,350000,"89 CROMWELLSFORT RD, WALKINSTOWN, DUBLIN 12, Dublin 12",Dublin,Leinster,Ireland
26/01/2018,345000,"12 LIMEWOOD PARK, RAHENY, DUBLIN 5, Dublin 5",Dublin,Leinster,Ireland
26/01/2018,612000,"12 WYVERN, KILLINEY, DUBLIN",Dublin,Leinster,Ireland
26/01/2018,334801.75,"18 Greenbank House, Cualanor, Upper Glenageary Road",Dublin,Leinster,Ireland
26/01/2018,220264,"22 Birch House, Silverbanks, The Coast, Dublin 13",Dublin,Leinster,Ireland
26/01/2018,418000,"220 ASGARD, CUSTOM HOUSE HARBOUR, I F S C, Dublin 1",Dublin,Leinster,Ireland
26/01/2018,340000,"53 MOREHAMPTON SQ, DONNYBROOK, DUBLIN 4, Dublin 4",Dublin,Leinster,Ireland
26/01/2018,316000,"56 THE RAMPARTS, BRAY ROAD, CABINTEELY",Dublin,Leinster,Ireland
26/01/2018,185000,"59 MUSKERRY RD, BALLYFERMOT, DUBLIN 10, Dublin 10",Dublin,Leinster,Ireland
26/01/2018,395000,"7 THE WATERMINT, OLD BRAY RD, CABINTEELY, Dublin 18",Dublin,Leinster,Ireland
26/01/2018,700000,"8 SEAFIELD RD, BLACKROCK, DUBLIN",Dublin,Leinster,Ireland
26/01/2018,255000,"APT 16, THE CRESCENT BUILDING, NANGOR RD DUBLIN 12, Dublin 22",Dublin,Leinster,Ireland
25/01/2018,80000,"1 HAROLD CROSS COTTAGES, DUBLIN 6, Dublin 6",Dublin,Leinster,Ireland
25/01/2018,285000,"1 STATION HOUSE, SEABROOK MANOR, PORTMARNOCK, Dublin 13",Dublin,Leinster,Ireland
25/01/2018,720000,"17 GLEDSWOOD AVE, CLONSKEAGH, DUBLIN 14, Dublin 14",Dublin,Leinster,Ireland
25/01/2018,520000,"21 CHURCH STREET, HOWTH, CO DUBLIN",Dublin,Leinster,Ireland
25/01/2018,270000,"25 DRYNAM AVENUE, KETTLE'S LANE, KINSEALY",Dublin,Leinster,Ireland
25/01/2018,295154.19,"36 Hamilton Hill, Barnageeragh Cove, Skerries",Dublin,Leinster,Ireland
25/01/2018,400881.06,"4 The Lane, Millers Glen, Swords",Dublin,Leinster,Ireland
25/01/2018,395000,"74 ARDCOLLUM AVE, ARTANE, DUBLIN 5, Dublin 5",Dublin,Leinster,Ireland
24/01/2018,459740.09,"1 RICHMOND HALL, MOUNT ST ANNES, DUBLIN 6, Dublin 6",Dublin,Leinster,Ireland
24/01/2018,775000,"23 HOWTH LODGE, HOWTH RD, HOWTH, Dublin 13",Dublin,Leinster,Ireland
24/01/2018,295154.18,"49 Marrsfield Avenue, Belltree, Clongriffin",Dublin,Leinster,Ireland
23/01/2018,246696,"131 Adamstown Way, Adamstown Square, Adamstown",Dublin,Leinster,Ireland
23/01/2018,277000,"132 CAPTAINS AVE, CRUMLIN, DUBLIN 12, Dublin 12",Dublin,Leinster,Ireland
23/01/2018,280000,"33 MERRION STRAND, STRAND RD, DUBLIN 4, Dublin 4",Dublin,Leinster,Ireland
23/01/2018,392070.48,"37 Royal Canal Avenue, Royal Canal Park, Ratoath Road, Dublin 15",Dublin,Leinster,Ireland
23/01/2018,300000,"59 GLASLYN, HOWTH RD, DUBLIN, Dublin 5",Dublin,Leinster,Ireland
22/01/2018,874000,"1 MANNIX RD, DUBLIN 9, DUBLIN, Dublin 9",Dublin,Leinster,Ireland
22/01/2018,275000,"19 DUN EMER GARDENS, LUSK, DUBLIN",Dublin,Leinster,Ireland
22/01/2018,367000,"2 OLIVER PLUNKETT AVE, DUN LAOGHAIRE, DUBLIN",Dublin,Leinster,Ireland
19/01/2018,204000,"18 CASTLELAND COURT, BALBRIGGAN, DUBLIN",Dublin,Leinster,Ireland
19/01/2018,192500,"19 LORETO ROAD, MARYLAND, DUBLIN 8, Dublin 8",Dublin,Leinster,Ireland
19/01/2018,242290.74,"21 elder heath grove, ELDER HEATH, KILTIPPER ROAD, Dublin 24",Dublin,Leinster,Ireland
19/01/2018,476500,"3 SEA ROAD, YELLOW WALLS, MALAHIDE",Dublin,Leinster,Ireland
19/01/2018,282000,"5 FERNLEIGH VALE, RIVERWOOD, CARPENTERSTOWN DUBLIN 15, Dublin 15",Dublin,Leinster,Ireland
19/01/2018,260000,"62 BACHELORS WALK, DUBLIN 1, DUBLIN, Dublin 1",Dublin,Leinster,Ireland
19/01/2018,810000,"7 ALBERT PARK, SANDYCOVE, DUBLIN",Dublin,Leinster,Ireland
18/01/2018,497797.35,"4 Martin Close, Blackhorse Avenue, Dublin 7",Dublin,Leinster,Ireland
18/01/2018,277500,"8 LIFFEY COURT, LUCAN, DUBLIN",Dublin,Leinster,Ireland
18/01/2018,616740.08,"9 the grove, goatstown road, Dublin 14",Dublin,Leinster,Ireland
16/01/2018,218062,"48 Castleland Park Drive, Balbriggan",Dublin,Leinster,Ireland
15/01/2018,240000,"29 CLARINDA HOUSE, CLARINDA PARK, DUN LAOGHAIRE",Dublin,Leinster,Ireland
15/01/2018,315000,"42 The Green, The Paddocks, Hansfield",Dublin,Leinster,Ireland
15/01/2018,310000,"9 WELLINGTON LODGE, SERPENTINE AVENUE, DUBLIN 4, Dublin 4",Dublin,Leinster,Ireland
12/01/2018,142812.5,"19 MOUNT PROSPECT PARK, CLONTARF, DUBLIN 3, Dublin 3",Dublin,Leinster,Ireland
12/01/2018,294000,"3 HARCOURT LODGE, INCHICORE, DUBLIN 8, Dublin 8",Dublin,Leinster,Ireland
12/01/2018,705000,"47 KINCORA GROVE, CLONTARF, DUBLIN 3, Dublin 3",Dublin,Leinster,Ireland
12/01/2018,430000,"68 MOUNTAIN VIEW, CRINKEN GLEN, SHANKILL, Dublin 18",Dublin,Leinster,Ireland
08/01/2018,455000,"36 BEAUMONT AVE, CHURCHTOWN, DUBLIN 14, Dublin 14",Dublin,Leinster,Ireland
05/01/2018,765000,"19 MOUNT PROSPECT DR, CLONTARF, DUBLIN 3, Dublin 3",Dublin,Leinster,Ireland
25/01/2018,175000,"APT 49, PHIBBLESTOWN HOUSE, PHIBBLESTOWN AVE DUBLIN 15, Dublin 15",Dublin,Leinster,Ireland
24/01/2018,483000,"1 ORCHARD LANE, NEWTOWN PARK, BLACKROCK",Dublin,Leinster,Ireland
24/01/2018,325992,"104 ASHFIELD AVENUE, RIDGEWOOD, SWORDS",Dublin,Leinster,Ireland
24/01/2018,657977.97,"11 RICHMOND HALL, MOUNT ST ANNES, MILLTOWN DUBLIN 6, Dublin 6",Dublin,Leinster,Ireland
24/01/2018,441000,"19 BROMPTON COURT, CASTLEKNOCK, DUBLIN 15, Dublin 15",Dublin,Leinster,Ireland
24/01/2018,590000,"20 MARLEY AVENUE, MARLEY GRANGE, RATHFARNHAM, Dublin 16",Dublin,Leinster,Ireland
24/01/2018,431718,"43 The Avenue, Scholarstown Wood, Scholarstown Road, Dublin 16",Dublin,Leinster,Ireland
24/01/2018,1425000,"46 VILLIERS RD, RATHGAR, DUBLIN 6, Dublin 6",Dublin,Leinster,Ireland
24/01/2018,210000,"50 RAVENSWOOD CRESCENT, CLONEE, DUBLIN 15, Dublin 15",Dublin,Leinster,Ireland
24/01/2018,93333,"59 FITZROY AVENUE, DRUMCONDRA, DUBLIN 3, Dublin 3",Dublin,Leinster,Ireland
24/01/2018,300000,"79 PARK AVE SWORDS, DUBLIN",Dublin,Leinster,Ireland
24/01/2018,292000,"83 TYRCONNELL RD, DUBLIN 8, DUBLIN, Dublin 8",Dublin,Leinster,Ireland
24/01/2018,475000,"9 COOLMINE WOODS, BLANCHARDSTOWN, DUBLIN 15, Dublin 15",Dublin,Leinster,Ireland
24/01/2018,199000,"A8 METROPOLITAN APTS, INCHICORE RD, KILMAINHAM DUBLIN 8, Dublin 8",Dublin,Leinster,Ireland
23/01/2018,475000,"13 Larkfield Glade, Clay Farm, Leopardstown",Dublin,Leinster,Ireland
23/01/2018,280000,"25 THE ASH, PARK VIEW, STEPASIDE DUBLIN 18, Dublin 18",Dublin,Leinster,Ireland
23/01/2018,257000,"6 CARRIGMORE OAK, CITYWEST, SAGGART, Dublin 24",Dublin,Leinster,Ireland
23/01/2018,242500,"75 ARAN COURT, WATERVILLE, BLANCHARDSTOWN, Dublin 15",Dublin,Leinster,Ireland
23/01/2018,375000,"82 THE OAKS, ROCKFIELD, DUNDRUM DUBLIN 16, Dublin 16",Dublin,Leinster,Ireland
22/01/2018,250000,"15 GERALDINE ST, BERKELEY RD, DUBLIN 7, Dublin 7",Dublin,Leinster,Ireland
22/01/2018,220000,"29 THE RICHMOND, NORTH BRUNSWICK STREET, DUBLIN, Dublin 1",Dublin,Leinster,Ireland
22/01/2018,335000,"52 DODSBOROUGH COTTAGES, LUCAN, DUBLIN",Dublin,Leinster,Ireland
22/01/2018,472000,"73 BEAUFORT DOWNS, RATHFARNHAM, DUBLIN 14, Dublin 14",Dublin,Leinster,Ireland
22/01/2018,265000,"77 CASTLELAND COURT, BALBRIGGAN, DUBLIN",Dublin,Leinster,Ireland
19/01/2018,565000,"14 PARKVIEW, PORTMARNOCK, DUBLIN, Dublin 13",Dublin,Leinster,Ireland
19/01/2018,242291,"19 Elder Heath Grove, Elder Heath, Kiltipper Road",Dublin,Leinster,Ireland
19/01/2018,760000,"5 ROSEMOUNT RD, PHIBSBOROUGH, DUBLIN 7, Dublin 7",Dublin,Leinster,Ireland
19/01/2018,270000,"55 LANESBOROUGH GROVE, CHARLESTOWN DUBLIN 11, DUBLIN, Dublin 11",Dublin,Leinster,Ireland
19/01/2018,280000,"7 CURLEW RD, DRIMNAGH, DUBLIN 12, Dublin 12",Dublin,Leinster,Ireland
19/01/2018,142000,"76 TARA COURT, BALBRIGGAN, DUBLIN",Dublin,Leinster,Ireland
18/01/2018,354412,"10 Rathbeale Grove, Rathbeale Road, Swords",Dublin,Leinster,Ireland
18/01/2018,273127.75,"15 The Way Citywest Village, Citywest Dublin 24",Dublin,Leinster,Ireland
18/01/2018,217000,"30 SLADE CASTLE AVENUE, SAGGART, COUNTY DUBLIN",Dublin,Leinster,Ireland
18/01/2018,867000,"333 HAROLDS CROSS RD, DUBLIN 6W, DUBLIN",Dublin,Leinster,Ireland
18/01/2018,475000,"6 JAMESTOWN COTTAGES, ENNISKERRY RD, KILTERNAN DUBLIN 18, Dublin 18",Dublin,Leinster,Ireland
18/01/2018,540000,"80 GALTRIM GRANGE, BROOMFIELD, MALAHIDE",Dublin,Leinster,Ireland
17/01/2018,325500,"4 LUCERNE, 39 CASTLE AVE, CLONTARF DUBLIN 3, Dublin 3",Dublin,Leinster,Ireland
17/01/2018,535000,"APT 13 DARGLE HOUSE, IFSC, DUBLIN 1, Dublin 1",Dublin,Leinster,Ireland
16/01/2018,785000,"27 SAVAL PARK GARDENS, DALKEY, DUBLIN",Dublin,Leinster,Ireland
16/01/2018,675000,"31 ASHFIELD, TEMPLEOGUE, DUBLIN 6W",Dublin,Leinster,Ireland
16/01/2018,264000,"35 THE OVAL, TULLYVALE, CABINTEELY DUBLIN 18, Dublin 18",Dublin,Leinster,Ireland
16/01/2018,284000,"53 ROSEHAVEN, CARPENTERSTOWN ROAD, DUBLIN 15, Dublin 15",Dublin,Leinster,Ireland
15/01/2018,180000,"32B DUNSINK DR, FINGLAS, DUBLIN 11, Dublin 11",Dublin,Leinster,Ireland
12/01/2018,317100,"14 Ashfield Grove, Ridgewood, Swords",Dublin,Leinster,Ireland
12/01/2018,355000,"202 GALLOPING GREEN, STILLORGAN RD, CO DUBLIN",Dublin,Leinster,Ireland
12/01/2018,470000,"67 CABRA ROAD, DUBLIN 7, Dublin 7",Dublin,Leinster,Ireland
10/01/2018,420000,"153 ARDMORE DR, ARTANE, DUBLIN 5, Dublin 5",Dublin,Leinster,Ireland
10/01/2018,140000,"27 ASHLAWN PARK, BALLYBRACK, DUBLIN",Dublin,Leinster,Ireland
10/01/2018,215000,"5 AVOCA HALL, AVOCA PARK, BLACKROCK",Dublin,Leinster,Ireland
08/01/2018,345000,"48 HARCOURT LODGE, SOUTHERN CROSS AVE, INCHICORE DUBLIN 8, Dublin 8",Dublin,Leinster,Ireland
23/01/2018,233480,"25 CASTLELAND PARK DRIVE, BALBRIGGAN",Dublin,Leinster,Ireland
23/01/2018,296000,"25 MAGENTA CRESCENT, SANTRY, DUBLIN 9, Dublin 9",Dublin,Leinster,Ireland
23/01/2018,385000,"3 CRANNAGH COURT, CRANNAGH RD, RATHFARNHAM DUBLIN 14, Dublin 14",Dublin,Leinster,Ireland
23/01/2018,438326,"41 The Avenue, Scholarstown Wood, Scholarstown Road, Dublin 16",Dublin,Leinster,Ireland
23/01/2018,260000,"7 BELLGREE GREEN, TYRRELSTOWN, DUBLIN 15, Dublin 15",Dublin,Leinster,Ireland
23/01/2018,261000,"APT 16, MOLAND HOUSE, TALBOT ST DUBLIN 1, Dublin 1",Dublin,Leinster,Ireland
22/01/2018,390000,"12 THE ELM, ROCKFIELD, DUNDRUM DUBLIN 16, Dublin 16",Dublin,Leinster,Ireland
22/01/2018,151542.85,"2 RATHMORE CRESCENT, TYRELLSTOWN, DUBLIN 15, Dublin 15",Dublin,Leinster,Ireland
22/01/2018,232500,"28 BLOCK 1, FORTUNESTOWN LANE, CITY WEST, Dublin 24",Dublin,Leinster,Ireland
22/01/2018,231000,"3 BERTRAM COURT, FRANCIS ST, CHRISTCHURCH, Dublin 8",Dublin,Leinster,Ireland
22/01/2018,185000,"7 SION HILL COURT, SION HILL RD, DRUMCONDRA DUBLIN 9, Dublin 9",Dublin,Leinster,Ireland
22/01/2018,340000,"77 OLD COUNTY GLEN, CRUMLIN, DUBLIN 12",Dublin,Leinster,Ireland
19/01/2018,337000,"118 COOLEVIN, BALLYBRACK, DUBLIN",Dublin,Leinster,Ireland
19/01/2018,303000,"127 SOUTHMEDE, BALLINTEER RD, DUNDRUM DUBLIN 14, Dublin 16",Dublin,Leinster,Ireland
19/01/2018,325000,"15 PRIORY HALL, MANOR GROVE, TERENURE",Dublin,Leinster,Ireland
19/01/2018,160000,"15 WHETON COURT, INCHICORE, DUBLIN 8, Dublin 8",Dublin,Leinster,Ireland
19/01/2018,291068,"17 LONGVIEW PLACE, MILLERS GLEN, SWORDS",Dublin,Leinster,Ireland
19/01/2018,415000,"19 SPIRE VIEW, RIVERSTON ABBEY, NAVAN ROAD, Dublin 7",Dublin,Leinster,Ireland
19/01/2018,415000,"25 BEACH VIEW, SUTTON, DUBLIN 15, Dublin 13",Dublin,Leinster,Ireland
19/01/2018,228100,"32 MOUNT EUSTACE CRESCENT, TYRRELSTOWN, DUBLIN 15, Dublin 15",Dublin,Leinster,Ireland
19/01/2018,285000,"59 DERRY DR, CRUMLIN, DUBLIN 12, Dublin 12",Dublin,Leinster,Ireland
19/01/2018,690000,"SOUTHWAY, 23 AVONDALE RD, KILLINEY",Dublin,Leinster,Ireland
18/01/2018,572687.22,"11 Fairhaven Road, Castleknock, Dublin 15",Dublin,Leinster,Ireland
18/01/2018,793500,"153 PARK AVE, CASTLEKNOCK, DUBLIN 15, Dublin 15",Dublin,Leinster,Ireland
18/01/2018,375000,"20 GLENMALURE SQ, MILLTOWN, DUBLIN 6, Dublin 6",Dublin,Leinster,Ireland
18/01/2018,520000,"25 ENNAFORT PK, DUBLIN 5, DUBLIN, Dublin 5",Dublin,Leinster,Ireland
17/01/2018,185000,"36 MILLWOOD PARK, RAHENY, DUBLIN 5",Dublin,Leinster,Ireland
17/01/2018,393805.31,"39 Royal Canal Avenue, Royal Canal Park, Ratoath Road, Dublin 15",Dublin,Leinster,Ireland
17/01/2018,355000,"AVONDALE, DAMASTOWN, NAUL",Dublin,Leinster,Ireland
16/01/2018,2802001,"22 ELGIN RD, Ballsbridge, Dublin 4",Dublin,Leinster,Ireland
16/01/2018,160000,"278 KILLINARDEN ESTATE, TALLAGHT, DUBLIN 24",Dublin,Leinster,Ireland
16/01/2018,231000,"69 NEW BANCROFT, HALL MAIN ST, TALLAGHT VILLAGE DUBLIN 24, Dublin 24",Dublin,Leinster,Ireland
16/01/2018,305000,"APT 2, BARROW HOUSE, CUSTOM HOUSE SQ DUBLIN 1, Dublin 1",Dublin,Leinster,Ireland
15/01/2018,630000,"36 VERNON GARDENS, CLONTARF, DUBLIN 3, Dublin 3",Dublin,Leinster,Ireland
15/01/2018,616740,"64 Eustace Court, Cualanor, Upper Glenageary Road",Dublin,Leinster,Ireland
12/01/2018,1425000,"12 DEERPARK LAWN, CASTLEKNOCK, DUBLIN 15, Dublin 15",Dublin,Leinster,Ireland
12/01/2018,535000,"29 SHELTON PARK, KIMMAGE RD WEST, DUBLIN 12, Dublin 12",Dublin,Leinster,Ireland
12/01/2018,188000,"APT 5, SACKVILLE COURT, BLESSINGTON STREET, Dublin 7",Dublin,Leinster,Ireland
11/01/2018,195000,"65 DUNSINK DR, FINGLAS, DUBLIN 11, Dublin 11",Dublin,Leinster,Ireland
10/01/2018,284141,"19 Longview Place, Millers Glen, Swords",Dublin,Leinster,Ireland
10/01/2018,550000,"35 MONALOE AVENUE, BLACKROCK, CO DUBLIN",Dublin,Leinster,Ireland
10/01/2018,545000,"45 BELGROVE LAWN, CHAPELIZOD, DUBLIN 20, Dublin 20",Dublin,Leinster,Ireland
10/01/2018,370000,"97 Ashfield Avenue, Ridgewood, Forrest Road",Dublin,Leinster,Ireland
09/01/2018,320000,"226 THE RICHMOND, NORTH BRUNSWICK ST, DUBLIN 7, Dublin 7",Dublin,Leinster,Ireland
08/01/2018,920000,"333 TEMPLEOGUE RD, TEMPLEOGUE, DUBLIN 6W",Dublin,Leinster,Ireland
05/01/2018,500000,"33 RAVENSDALE DR, KIMMAGE, DUBLIN 12, Dublin 12",Dublin,Leinster,Ireland
04/01/2018,700000,"43 SILCHESTER PARK, GLENAGEARY, DUBLIN",Dublin,Leinster,Ireland
04/01/2018,378854.62,"8 Hamilton Hill, Barnageeragh Cove, Skerries",Dublin,Leinster,Ireland
03/01/2018,729000,"14 Castleway, Kinsealy Lane, Malahide",Dublin,Leinster,Ireland
03/01/2018,281000,"APT 11D METROPOLITAN APPARTMENTS, 67 INCHICORE ROAD, KILMAINHAM",Dublin,Leinster,Ireland
22/01/2018,340000,"3 BANCROFT COURT, TALLAGHT, DUBLIN 24, Dublin 24",Dublin,Leinster,Ireland
22/01/2018,165000,"56 BRACKENWOOD DR, BALBRIGGAN, DUBLIN",Dublin,Leinster,Ireland
22/01/2018,205000,"59 THE ACADEMY BUILDING, PARK WEST, PARKWEST DUBLIN 12, Dublin 12",Dublin,Leinster,Ireland
22/01/2018,412000,"7 DROMLEE CRESCENT, BEAUMONT, DUBLIN 9, Dublin 9",Dublin,Leinster,Ireland
22/01/2018,235000,"75 WATERSIDE COURT, MALAHIDE, DUBLIN",Dublin,Leinster,Ireland
19/01/2018,680000,"11 TREESDALE, STILLORGAN RD, BLACKROCK",Dublin,Leinster,Ireland
19/01/2018,272000,"114 GLEANN NA RI, VALLEY AVE, DRUID VALLEY DUBLIN 18, Dublin 18",Dublin,Leinster,Ireland
19/01/2018,212000,"119 BLACKDITCH RD, BALLYFERMOT UPPER, DUBLIN 10, Dublin 10",Dublin,Leinster,Ireland
19/01/2018,397000,"12 TOURNVILLE LODGE, CHURCH LANE, RATHFARNHAM DUBLIN 14, Dublin 14",Dublin,Leinster,Ireland
19/01/2018,485000,"124 WOODFIELD, KNOCKLYON, DUBLIN 16, Dublin 16",Dublin,Leinster,Ireland
19/01/2018,265000,"16 MOUNT GARRETT WALK, TYRRELSTOWN, DUBLIN 15, Dublin 15",Dublin,Leinster,Ireland
19/01/2018,440000,"2 HOLLYVILLE, OLD LUCAN RD, PALMERSTOWN DUBLIN 20, Dublin 20",Dublin,Leinster,Ireland
19/01/2018,262000,"21 SCARIFF HALL, WATERVILLE TERRACE, BLANCHARDSTOWN DUBLIN 15, Dublin 15",Dublin,Leinster,Ireland
19/01/2018,220264.32,"26 Red Arches Avenue, Silverbanks, The Coast",Dublin,Leinster,Ireland
19/01/2018,325000,"30 BAYSIDE BOULEVARD NORTH, SUTTON, DUBLIN 13, Dublin 13",Dublin,Leinster,Ireland
19/01/2018,500000,"34 TEMPLEVILLE RD, TEMPLEOGUE, DUBLIN 6W",Dublin,Leinster,Ireland
19/01/2018,225000,"356 BACHELORS WALK APTS, BACHELORS WALK, DUBLIN 1, Dublin 1",Dublin,Leinster,Ireland
19/01/2018,220000,"36 TEMPLE VIEW WALK, CLARE HALL MALAHIDE RD, DUBLIN 17, Dublin 13",Dublin,Leinster,Ireland
19/01/2018,800000,"41 DUBLIN RD, SKERRIES, DUBLIN",Dublin,Leinster,Ireland
19/01/2018,190000,"43 CHURCHWELL DRIVE, BELMAYNE, BALGRIFFIN, Dublin 13",Dublin,Leinster,Ireland
19/01/2018,326000,"65 RIBH AVE, ARTANE, DUBLIN 5, Dublin 5",Dublin,Leinster,Ireland
19/01/2018,270000,"8 CHERRY PARK RATHINGLE SWORDS, CO DUBLIN, DUBLIN",Dublin,Leinster,Ireland
19/01/2018,321585.9,"8 Rathmill Green, Rathmill Manor, Rathcoole",Dublin,Leinster,Ireland
19/01/2018,200000,"APT 8 MANOR HALL, MOUNT BROWN, DUBLIN 8, Dublin 8",Dublin,Leinster,Ireland
18/01/2018,484582,"23 The Lawn, St. Marnocks Bay, Portmarnock",Dublin,Leinster,Ireland
18/01/2018,336000,"25 HILLTOWN CLOSE, RIVERVALLEY, SWORDS",Dublin,Leinster,Ireland
18/01/2018,707000,"44 GRANVILLE PARK, NEWTOWNPARK AVE, BLACKROCK",Dublin,Leinster,Ireland
18/01/2018,430000,"49 HERBERTON DR, RIALTO, DUBLIN 8, Dublin 12",Dublin,Leinster,Ireland
18/01/2018,370000,"58 COOLATREE PARK, BEAUMONT, DUBLIN 9, Dublin 9",Dublin,Leinster,Ireland
18/01/2018,320000,"APT 1, SHREWSBURY COURT, JOHNSTOWN RD DUBLIN 18, Dublin 18",Dublin,Leinster,Ireland
18/01/2018,320000,"APT 5, SHREWSBURY COURT, JOHNSTOWN RD DUBLIN 18, Dublin 18",Dublin,Leinster,Ireland
17/01/2018,318000,"171 CAPPAGHMORE, CLONDALKIN, DUBLIN 22, Dublin 22",Dublin,Leinster,Ireland
17/01/2018,515000,"2 THORNDALE GROVE, MALAHIDE RD, DUBLIN 5, Dublin 5",Dublin,Leinster,Ireland
16/01/2018,495000,"167 WHITEHALL RD, PERRYSTOWN, DUBLIN 12, Dublin 12",Dublin,Leinster,Ireland
16/01/2018,370000,"THE COTTAGE, OLD COACH RD, BALROTHERY",Dublin,Leinster,Ireland
15/01/2018,339218,"11 Dodderbrook Avenue, Oldcourt Road, Ballycullen, Dublin 24",Dublin,Leinster,Ireland
15/01/2018,553000,"13 GRANGE MANOR DR, RATHFARNHAM, DUBLIN 16, Dublin 16",Dublin,Leinster,Ireland
15/01/2018,283000,"135 FORESTED HILLS, RATHCOOLE, CO DUBLIN",Dublin,Leinster,Ireland
15/01/2018,170000,"27 DERHAM PARK, BALBRIGGAN, DUBLIN",Dublin,Leinster,Ireland
15/01/2018,520000,"358 NUTGROVE AVE, CHURCHTOWN DUBLIN 14, DUBLIN, Dublin 14",Dublin,Leinster,Ireland
15/01/2018,305000,"52 SAGGART LODGE COURT, GARTERS LANE, SAGGART, Dublin 24",Dublin,Leinster,Ireland
14/01/2018,315000,"APARTMENT 140 RATHMINES TOWN CENTRE, RATHMINES, DUBIN 6, Dublin 6",Dublin,Leinster,Ireland
12/01/2018,290000,"147 COLLINS AVE EAST, KILLESTER, DUBLIN 5, Dublin 5",Dublin,Leinster,Ireland
12/01/2018,547500,"92 SHREWSBURY PARK, BALLSBRIDGE, DUBLIN 4, Dublin 4",Dublin,Leinster,Ireland
11/01/2018,665000,"3A DERRYNANE GARDENS, SANDYMOUNT, DUBLIN 4, Dublin 4",Dublin,Leinster,Ireland
11/01/2018,175000,"89 FAIRLAWN RD, FINGLAS SOUTH, DUBLIN 11, Dublin 11",Dublin,Leinster,Ireland
10/01/2018,205000,"20 AVOCA HALL, AVOCA PARK, BLACKROCK",Dublin,Leinster,Ireland
08/01/2018,673875,"15 CROSTHWAITE, DUN LAOGHAIRE, PARK WEST",Dublin,Leinster,Ireland
05/01/2018,281500,"6 ASHLEIGH COURT, CASTLEKNOCK, DUBLIN 15, Dublin 15",Dublin,Leinster,Ireland
05/01/2018,545000,"69 ROCKFIELD AVE, TERENURE, DUBLIN 12, Dublin 12",Dublin,Leinster,Ireland
19/01/2018,275000,"12 LORETO RD, MARYLAND, DUBLIN 8, Dublin 8",Dublin,Leinster,Ireland
19/01/2018,376000,"15 BROADMEADOWS, SWORDS, DUBLIN",Dublin,Leinster,Ireland
19/01/2018,476000,"3 ROLAND COURT, RATHGAR RD, DUBLIN 6, Dublin 6",Dublin,Leinster,Ireland
19/01/2018,625000,"4 CARRICKHILL HEIGHTS, PORTMARNOCK, DUBLIN, Dublin 13",Dublin,Leinster,Ireland
18/01/2018,292738,"11 Rathbeale Grove, Rathbeale Road, Swords",Dublin,Leinster,Ireland
18/01/2018,392070,"41 Royal Canal Avenue, Royal Canal Park, Ratoath Road, Dublin 15",Dublin,Leinster,Ireland
18/01/2018,253500,"46 DERRY DR, DUBLIN 12, DUBLIN, Dublin 12",Dublin,Leinster,Ireland
18/01/2018,277533,"6 Castlechurch Drive, Newcastle",Dublin,Leinster,Ireland
18/01/2018,645000,"73 MOUNT ANVILLE WOOD, GOATSTOWN, DUBLIN 14, Dublin 14",Dublin,Leinster,Ireland
18/01/2018,159000,"74 RATHSALLAGH PARK, SHANKILL, CO DUBLIN, Dublin 15",Dublin,Leinster,Ireland
18/01/2018,345000,"8 TULLYHALL RISE, LUCAN, DUBLIN",Dublin,Leinster,Ireland
18/01/2018,285000,"APT 7, ADELPHI HOUSE, GEORGES ST UPPER",Dublin,Leinster,Ireland
18/01/2018,1500000,"WATERMILL ROAD, RAHENY, DUBLIN 5",Dublin,Leinster,Ireland
17/01/2018,275000,"16 BENSON CRESENT, DONABATE, CO DUBLIN",Dublin,Leinster,Ireland
17/01/2018,383259.99,"38 Royal Canal Avenue, Royal Canal Park, Ratoath Road",Dublin,Leinster,Ireland
17/01/2018,510000,"77 WINGFIELD, ENNISKERRY RD, STEPASIDE DUBLIN 18, Dublin 18",Dublin,Leinster,Ireland
17/01/2018,245000,"APT 45, 125 FRANCIS ST, DUBLIN 8, Dublin 8",Dublin,Leinster,Ireland
17/01/2018,260000,"APT 54 WESTGATE, ST AUGUSTINE ST, DUBLIN 8, Dublin 8",Dublin,Leinster,Ireland
16/01/2018,299000,"10 OLDBRIDGE WALK, LUCAN, DUBLIN",Dublin,Leinster,Ireland
16/01/2018,281937,"16 The Way, Citywest Village, Citywest, Dublin 24",Dublin,Leinster,Ireland
16/01/2018,412500,"22 BANCROFT RD, DUBLIN 24, DUBLIN, Dublin 24",Dublin,Leinster,Ireland
16/01/2018,372000,"37 WOOD DALE CLOSE, BALLYCULLEN, DUBLIN 24, Dublin 24",Dublin,Leinster,Ireland
16/01/2018,70000,"6 KILCRONAN AVENUE, CLONDALKIN, DUBLIN 22",Dublin,Leinster,Ireland
16/01/2018,330396.47,"8 Croftwell Square, Rathcoole, Co. Dublin",Dublin,Leinster,Ireland
15/01/2018,475770.92,"1 Grace Park Grove, Grace Park Wood, Grace Park Road",Dublin,Leinster,Ireland
15/01/2018,215000,"8 KILCRONAN CLOSE, CLONDALKIN, DUBLIN 22, Dublin 22",Dublin,Leinster,Ireland
12/01/2018,330000,"118 SOUTH CIRCULAR RD, DUBLIN 8, DUBLIN, Dublin 8",Dublin,Leinster,Ireland
12/01/2018,427313,"12 Larkfield Glade, Clay Farm, Leopardstown, Dublin 18",Dublin,Leinster,Ireland
12/01/2018,340000,"211 CLOGHER ROAD, CRUMLIN, DUBLIN 12, Dublin 12",Dublin,Leinster,Ireland
12/01/2018,259911.9,"40 The Way, The Paddocks, Hansfield",Dublin,Leinster,Ireland
12/01/2018,425000,"7 ENGLEBERG COURT, LOWER MOUNTAIN ROAD, DUN LAOGHAIRE",Dublin,Leinster,Ireland
12/01/2018,300000,"74 THE VILLAGE, PORTERSTOWN RD, CLONSILLA DUBLIN 15, Dublin 15",Dublin,Leinster,Ireland
12/01/2018,264273,"83 Silken Park Avenue, Old Naas Road, Kingswoo, Dublin 24",Dublin,Leinster,Ireland
11/01/2018,200000,"23 ROSEDALE CLOSE, NAVAN RD, DUBLIN 15, Dublin 15",Dublin,Leinster,Ireland
10/01/2018,352423,"14 Hollywoodrath Road, Hollystown, Dublin, Dublin 15",Dublin,Leinster,Ireland
10/01/2018,422000,"19 RIVERWOOD CHASE, CARPENTERSTOWN, DUBLIN 15, Dublin 15",Dublin,Leinster,Ireland
10/01/2018,250000,"31 AILESBURY MEWS, AILESBURY GARDENS, SANDYMOUNT DUBLIN 4, Dublin 4",Dublin,Leinster,Ireland
10/01/2018,315601,"40 CORN EXCHANGE, POOLBEG ST, DUBLIN 2, Dublin 2",Dublin,Leinster,Ireland
10/01/2018,280000,"40 THE CRESCENT MILLBROOK LAWNS, TALLAGHT DUBLIN 2, DUBLIN, Dublin 15",Dublin,Leinster,Ireland
10/01/2018,100000,"APT 6, VERCHOYLE HOUSE, STEPHENS LANE DUBLIN 2, Dublin 2",Dublin,Leinster,Ireland
09/01/2018,286343,"1 The Way, Citywest Village, Citywest, Dublin 24",Dublin,Leinster,Ireland
09/01/2018,1110000,"7 ASHFIELD ROAD, RANELAGH, DUBLIN 6",Dublin,Leinster,Ireland
09/01/2018,343612.32,"7 DodderBrook Avenue, Old Court Road, BALLYCULLEN DUBLIN 24, Dublin 24",Dublin,Leinster,Ireland
08/01/2018,269000,"19 DOWNPATRICK ROAD, CRUMLIN, DUBLIN 12, Dublin 12",Dublin,Leinster,Ireland
05/01/2018,341409,"11 Hollywood Rath Park, Hollystown, Dublin 15",Dublin,Leinster,Ireland
05/01/2018,231000,"8 GREAT COMMONS, LUSK VILLAGE, LUSK",Dublin,Leinster,Ireland
05/01/2018,330000,"83 B HEYTESBURY LANE, BALLSBRIDGE, DUBLIN 4",Dublin,Leinster,Ireland
04/01/2018,255506.6,"24 Stratton Drive, Adamstown Square, Adamstown",Dublin,Leinster,Ireland
04/01/2018,175000,"90 MOUNT GARRETT PARK, TYRRELSTOWN, DUBLIN 15, Dublin 15",Dublin,Leinster,Ireland
02/01/2018,325000,"34 SLANE RD, CRUMLIN, DUBLIN 12, Dublin 12",Dublin,Leinster,Ireland
18/01/2018,293000,"32 ST MARY'S LANE, DUBLIN 7",Dublin,Leinster,Ireland
17/01/2018,413000,"12 RIVERWOOD GREEN, CASTLEKNOCK, DUBLIN 15, Dublin 15",Dublin,Leinster,Ireland
17/01/2018,430000,"18 EATON HALL, TERENURE RD NORTH, DUBLIN 6W",Dublin,Leinster,Ireland
17/01/2018,345000,"25 SHANLISS WALK, SANTRY, DUBLIN 9, Dublin 9",Dublin,Leinster,Ireland
17/01/2018,490000,"27 Abbots Grove Park, Knocklyon, Dublin 16",Dublin,Leinster,Ireland
17/01/2018,383259,"36 ROYAL CANAL AVENUE, ROYAL CANAL PARK, RATOATH ROAD, Dublin 15",Dublin,Leinster,Ireland
17/01/2018,295000,"363 CAPTAINS RD, DUBLIN 12, DUBLIN, Dublin 12",Dublin,Leinster,Ireland
17/01/2018,273000,"37 GLIN GROVE, COOLOCK, DUBLIN 17, Dublin 17",Dublin,Leinster,Ireland
17/01/2018,660000,"89 SHREWSBURY, BALLSBRIDGE, DUBLIN 4, Dublin 4",Dublin,Leinster,Ireland
17/01/2018,495000,"APT 1110 LEVEL ELEVEN, VANTAGE EAST CENTRAL PARK, LEOPARDSTOWN RD, Dublin 18",Dublin,Leinster,Ireland
17/01/2018,265000,"APT 9, 1 BEAU PARK ST, CLONGRIFFIN DUBLIN 13, Dublin 13",Dublin,Leinster,Ireland
16/01/2018,348017,"10 Rahillion Drive, Donabate",Dublin,Leinster,Ireland
16/01/2018,950000,"21 NEWBRIDGE AVE, SANDYMOUNT, DUBLIN 4, Dublin 4",Dublin,Leinster,Ireland
16/01/2018,470000,"22 PROSPECT COURT, STOCKING LANE, RATHFARNHAM, Dublin 16",Dublin,Leinster,Ireland
16/01/2018,240000,"28 CASTLEGRANGE GREEN, CLONDALKIN, DUBLIN 22, Dublin 22",Dublin,Leinster,Ireland
16/01/2018,775330,"3 Sydney Mews, Sydney Avenue, Blackrock",Dublin,Leinster,Ireland
16/01/2018,425000,"40 MOUNT DRUMMOND SQ, HAROLDS CROSS, DUBLIN 6, Dublin 6",Dublin,Leinster,Ireland
16/01/2018,236000,"5 CHANDLERS GUILD, JAMESS ST, DUBLIN 8, Dublin 8",Dublin,Leinster,Ireland
16/01/2018,285000,"50 RIVERVALE, ASHTOWN, DUBLIN 15, Dublin 15",Dublin,Leinster,Ireland
16/01/2018,485000,"6 WINGFIELD, CORKE ABBEY, BRAY",Dublin,Leinster,Ireland
16/01/2018,350000,"86 ST IGNATIUS RD, PHIBSBORO, DUBLIN 7, Dublin 7",Dublin,Leinster,Ireland
15/01/2018,268000,"14 TULLYHALL CRESCENT, LUCAN, DUBLIN",Dublin,Leinster,Ireland
15/01/2018,195000,"23 CAPPAGH DR, FINGLAS WEST, DUBLIN 11, Dublin 11",Dublin,Leinster,Ireland
15/01/2018,750000,"38 ST JOHNS, PARK AVE, SANDYMOUNT DUBLIN 4, Dublin 4",Dublin,Leinster,Ireland
15/01/2018,420000,"48 LLEWELLYN PARK, RATHFARNHAM, DUBLIN 16, Dublin 16",Dublin,Leinster,Ireland
15/01/2018,465000,"54 BLOCK D, ROEBUCK HILL, MOUNT ANVILLE ROAD",Dublin,Leinster,Ireland
15/01/2018,270000,"56 KYLEMORE AVE, BALLYFERMOT, DUBLIN 10, Dublin 10",Dublin,Leinster,Ireland
15/01/2018,390000,"62 THE OAKS, ROCKFIELD, DUNDRUM, Dublin 16",Dublin,Leinster,Ireland
12/01/2018,317180,"1 Parkside Heath, Parkside, Malahide Road",Dublin,Leinster,Ireland
12/01/2018,500000,"18 HOLLY PARK, CORBAWN LANE, SHANKILL, Dublin 18",Dublin,Leinster,Ireland
12/01/2018,250000,"21 LYMEWOOD MEWS, SANTRY, DUBLIN 9, Dublin 9",Dublin,Leinster,Ireland
12/01/2018,490000,"24 MOUNT DRUMMOND SQ, HAROLDS CROSS, DUBLIN 6, Dublin 6",Dublin,Leinster,Ireland
12/01/2018,285000,"267 MALAHIDE MARINA VILLAGE, MALAHIDE, DUBLIN",Dublin,Leinster,Ireland
12/01/2018,660000,"28 KILMACUD PARK, STILLORGAN, DUBLIN",Dublin,Leinster,Ireland
11/01/2018,650000,"ROCKLANDS, THE BOWER, BALBRIGGAN",Dublin,Leinster,Ireland
10/01/2018,340000,"53 CANON HALL, CHURCH ST EAST, DUBLIN 3, Dublin 3",Dublin,Leinster,Ireland
10/01/2018,100000,"APT 1, VERCHOYLE HOUSE, STEPHENS LANE DUBLIN 2, Dublin 2",Dublin,Leinster,Ireland
10/01/2018,355000,"APT 66, 16 KINGS INNS ST, DUBLIN 1, Dublin 1",Dublin,Leinster,Ireland
09/01/2018,277000,"17 WILLOW WOOD GREEN, HARTSTOWN, DUBLIN 15, Dublin 15",Dublin,Leinster,Ireland
09/01/2018,275000,"2 MILLRACE WALK, SAGGART, DUBLIN, Dublin 24",Dublin,Leinster,Ireland
09/01/2018,145374,"20 Birch House, Silverbanks, Baldoyle",Dublin,Leinster,Ireland
09/01/2018,637500,"40 ASHBROOK, HOWTH RD, CLONTARF DUBLIN 3, Dublin 3",Dublin,Leinster,Ireland
09/01/2018,225000,"APT 37A, LANSDOWNE VALLEY, SLIEVEBLOOM RD DUBLIN 12, Dublin 12",Dublin,Leinster,Ireland
08/01/2018,301101,"12 Beechwood Gate, Beechwood, Hansfield, Dublin 15",Dublin,Leinster,Ireland
08/01/2018,550000,"20 SHANDON PARK, PHIBSBOROUGH, DUBLIN 7, Dublin 7",Dublin,Leinster,Ireland
08/01/2018,382500,"APT 75, WYCKHAM PLACE, WYCKHAM WAY DUBLIN 16, Dublin 16",Dublin,Leinster,Ireland
05/01/2018,403000,"14 MCCABE VILLAS, BOOTERSTOWN, CO DUBLIN",Dublin,Leinster,Ireland
05/01/2018,271000,"21 DUNAWLEY DR, CLONDALKIN, DUBLIN 22, Dublin 22",Dublin,Leinster,Ireland
04/01/2018,350000,"180 BEAUVALE PARK, ARTANE, DUBLIN 5, Dublin 5",Dublin,Leinster,Ireland
03/01/2018,348017,"1 Ballygossan Park, Golf Links Road, Skerries",Dublin,Leinster,Ireland
15/01/2018,290000,"12 ROCKVIEW, BLACKGLEN RD, SANDYFORD DUBLIN 18, Dublin 18",Dublin,Leinster,Ireland
15/01/2018,200000,"28 ANNE DEVLIN AVENUE, RATHFARNHAM, DUBLIN 14, Dublin 14",Dublin,Leinster,Ireland
15/01/2018,453400,"3 DENVILLE COURT, KILLINEY, DUBLIN",Dublin,Leinster,Ireland
15/01/2018,308000,"36 SEACLIFF AVE, BALDOYLE, DUBLIN 13, Dublin 13",Dublin,Leinster,Ireland
15/01/2018,335000,"62 ST PATRICKS CLOSE, SKERRIES, DUBLIN",Dublin,Leinster,Ireland
15/01/2018,423850,"9 Grace Park Grove, Grace Park Wood, Drumcondra, Dublin 9",Dublin,Leinster,Ireland
15/01/2018,1300000,"OLDCOURT, BRIGHTON AVE, FOXROCK DUBLIN 18, Dublin 18",Dublin,Leinster,Ireland
15/01/2018,727000,"UNIT 25 SEASCAPE, 366 CLONTARF ROAD, DUBLIN3, Dublin 3",Dublin,Leinster,Ireland
12/01/2018,188000,"1 LANESBOROUGH SQAUARE, ST MARGARETS RD, DUBLIN 11, Dublin 11",Dublin,Leinster,Ireland
12/01/2018,520000,"10 HIGHLAND GROVE, THE PARK, CABINTEELY DUBLIN 18, Dublin 18",Dublin,Leinster,Ireland
12/01/2018,322000,"14 KENNELSFORT RD UPPER, PALMERSTOWN, DUBLIN 20, Dublin 20",Dublin,Leinster,Ireland
12/01/2018,291000,"148 KILDARE RD, CRUMLIN, DUBLIN 12, Dublin 12",Dublin,Leinster,Ireland
12/01/2018,235000,"19 GREEN CASTLE AVE, COOLOCK, DUBLIN 17, Dublin 17",Dublin,Leinster,Ireland
12/01/2018,242500,"2 ASHFIELD GREEN, BALBRIGGAN, DUBLIN",Dublin,Leinster,Ireland
12/01/2018,213000,"27C LANDSDOWNE VALLEY, SLIEVEBLOOM RD, DRIMNAGH, Dublin 12",Dublin,Leinster,Ireland
12/01/2018,450000,"3 THE GROVE, WOODPARK, BALLINTEER DUBLIN 16, Dublin 16",Dublin,Leinster,Ireland
12/01/2018,264317,"39d McKelvey Avenue, Finglas, Dublin 11, Dublin 11",Dublin,Leinster,Ireland
12/01/2018,340000,"42 FOXHILL AVE, AYRFIELD, BALDOYLE, Dublin 13",Dublin,Leinster,Ireland
12/01/2018,625000,"43 WALNUT LAWN, DRUMCONDRA, DUBLIN 9, Dublin 9",Dublin,Leinster,Ireland
12/01/2018,250000,"44 MYRTLE HOUSE, LONGFIELD RD, THE COAST DUBLIN 13, Dublin 13",Dublin,Leinster,Ireland
12/01/2018,187000,"45 THE MALTINGS, BONHAM ST, DUBLIN, Dublin 8",Dublin,Leinster,Ireland
12/01/2018,190000,"46 HYBRAZIL, SOUTH CIRCULAR, KILMAINHAM DUBLIN 9, Dublin 9",Dublin,Leinster,Ireland
12/01/2018,205000,"59 MAYESTON CRESENT, ST MARGARETS RD, FINGLAS DUBLIN 11, Dublin 11",Dublin,Leinster,Ireland
12/01/2018,93900,"76, O MOORE ROAD, BALLYFERMOT DUBLIN 10, Dublin 10",Dublin,Leinster,Ireland
12/01/2018,2200000,"ALBANY LODGE, ALBANY AVE, MONKSTOWN",Dublin,Leinster,Ireland
12/01/2018,225000,"APT 87 BLOCK D, THE GALLERY TURVEYWALK, DONABATE",Dublin,Leinster,Ireland
12/01/2018,216061.82,"Site 5, Airpark Square, Rathfarnham",Dublin,Leinster,Ireland
11/01/2018,373000,"103 BOTHAR CHLANN RAGHNAILL, DOMHNACH CEARNA, BAC 5 DUBLIN 5, Dublin 5",Dublin,Leinster,Ireland
11/01/2018,550000,"107 STONEPARK ABBEY, RATHFARNHAM, DUBLIN 14, Dublin 14",Dublin,Leinster,Ireland
11/01/2018,475000,"14 GRACEFIELD AVE, ARTANE, DUBLIN 5, Dublin 5",Dublin,Leinster,Ireland
11/01/2018,240000,"17 RUSSELL AVE, EAST WALL, DUBLIN 3, Dublin 3",Dublin,Leinster,Ireland
11/01/2018,495000,"18 THE BEECHES, MONKSTOWN VALLEY, MONKSTOWN",Dublin,Leinster,Ireland
11/01/2018,330000,"2 TEMPLEVIEW WALK, CLAREHALL, MALAHIDE RD DUBLIN 13, Dublin 13",Dublin,Leinster,Ireland
11/01/2018,260000,"3 FORBES LANE, DUBLIN 8, DUBLIN, Dublin 8",Dublin,Leinster,Ireland
11/01/2018,423000,"8 Grace Park Grove, Grace Park Wood, Grace Park Road, Dublin 9",Dublin,Leinster,Ireland
11/01/2018,339207.04,"9 PARKSIDE COURT, PARKSIDE, MALAHIDE ROAD",Dublin,Leinster,Ireland
10/01/2018,335000,"12 CANON HALL, CHURCH ST EAST, DUBLIN 3",Dublin,Leinster,Ireland
10/01/2018,420000,"26 THE PARK, BEAUMONT WOODS, BEAUMONT DUBLIN 9, Dublin 9",Dublin,Leinster,Ireland
10/01/2018,401000,"29 GRAY ST, DUBLIN 8, DUBLIN, Dublin 8",Dublin,Leinster,Ireland
09/01/2018,210000,"1 ORCHARD RD, OFF CLONIFF RD, BALLYBOUGH, Dublin 3",Dublin,Leinster,Ireland
09/01/2018,277533,"23 Beechwood Gate, Beechwood, Hansfield, Dublin 15",Dublin,Leinster,Ireland
08/01/2018,750000,"11 ELTON COURT, SANDYCOVE, DUBLIN",Dublin,Leinster,Ireland
08/01/2018,300000,"12 ALEXANDRA WALK, PETER ST, DUBLIN 8, Dublin 8",Dublin,Leinster,Ireland
08/01/2018,515000,"2 BETTYS TOWN AVE, HOWTH RD, RAHENY DUBLIN 5, Dublin 5",Dublin,Leinster,Ireland
08/01/2018,217000,"79 KILCRONAN AVE, CLONDALKIN, DUBLIN 22, Dublin 22",Dublin,Leinster,Ireland
08/01/2018,299950,"89 BANNOW RD, CABRA WEST, DUBLIN 7, Dublin 7",Dublin,Leinster,Ireland
05/01/2018,191000,"19 GRANGEVIEW PLACE, GRANGEVIEW, CLONDALKIN DUBLIN 22, Dublin 22",Dublin,Leinster,Ireland
05/01/2018,525000,"4 THE CLOSE, WOODPARK, BALLINTEER DUBLIN 16, Dublin 16",Dublin,Leinster,Ireland
05/01/2018,440000,"APT 4, 4 CHARLEMONT TERRACE, CROFTON RD",Dublin,Leinster,Ireland
03/01/2018,200000,"16 CLEARSTREAM COURT, MCKEE AVENUE, FINGLAS, Dublin 11",Dublin,Leinster,Ireland
12/01/2018,260000,"12 SADDLERS GLADE, MULHUDDART, DUBLIN, Dublin 15",Dublin,Leinster,Ireland
12/01/2018,245000,"12 THOMAS DAVIS ST WEST, INCHICORE, DUBLIN 8, Dublin 8",Dublin,Leinster,Ireland
12/01/2018,280000,"146 FOREST HILLS, RATHCOOLE, DUBLIN, Dublin 24",Dublin,Leinster,Ireland
12/01/2018,615000,"30 ARANLEIGH MOUNT, RATHFARNHAM, DUBLIN 16, Dublin 14",Dublin,Leinster,Ireland
12/01/2018,300000,"328 GRACE PARK MANOR, DRUMCONDRA, DUBLIN 9, Dublin 9",Dublin,Leinster,Ireland
12/01/2018,427312.8,"4 Larkfield Glade, Clay Farm, Leopardstown",Dublin,Leinster,Ireland
12/01/2018,277500,"64 BOROIMHE BEECH, SWORDS, DUBLIN",Dublin,Leinster,Ireland
12/01/2018,295000,"76 RATHDRUM RD, DUBLIN 12, DUBLIN, Dublin 12",Dublin,Leinster,Ireland
12/01/2018,242000,"9 MEADOW DR, HARTSTOWN CLONSILLA, DUBLIN 15, Dublin 15",Dublin,Leinster,Ireland
12/01/2018,272500,"APT 200 BLOCK H, TRAMYARD, INCHICORE DUBLIN 8, Dublin 8",Dublin,Leinster,Ireland
11/01/2018,725250,"63 ST ALBANS PARK, SANDYMOUNT, DUBLIN 4, Dublin 4",Dublin,Leinster,Ireland
11/01/2018,745000,"ROCKVILLE LODGE, NEWTOWNPARK AVE, BLACKROCK",Dublin,Leinster,Ireland
10/01/2018,700000,"10 PRIORY GROVE, STILLORGAN, DUBLIN",Dublin,Leinster,Ireland
10/01/2018,450000,"10 THE CRESCENT, BODEN PARK, RATHFARNHAM DUBLIN 14, Dublin 16",Dublin,Leinster,Ireland
10/01/2018,281938.32,"12 Stratton Close, Adamstown Square, Adamstown",Dublin,Leinster,Ireland
10/01/2018,525000,"16 MC MAHON ST, SOUTH CIRCULAR RD, DUBLIN 8, Dublin 8",Dublin,Leinster,Ireland
10/01/2018,200000,"17 WINDSOR COURT, STRADBROOK RD, BLACKROCK",Dublin,Leinster,Ireland
10/01/2018,200000,"18 WINDSOR COURT, STRADBROOK RD, BLACKROCK",Dublin,Leinster,Ireland
10/01/2018,264317,"19 CUIL DUIN ROW, CITYWEST",Dublin,Leinster,Ireland
10/01/2018,395000,"223 RICHMOND COURT, DARTRY, DUBLIN 6, Dublin 6",Dublin,Leinster,Ireland
10/01/2018,477500,"254 DELWOOD RD, CASTLEKNOCK, DUBLIN 15, Dublin 15",Dublin,Leinster,Ireland
10/01/2018,175000,"44 DEERPARK PLACE, KILTIPPER WAY, DUBLIN 24, Dublin 24",Dublin,Leinster,Ireland
10/01/2018,150000,"50 CULLENSWOOD APTS, NORTHBROOK AVE, RANELAGH DUBLIN 6, Dublin 6",Dublin,Leinster,Ireland
10/01/2018,825000,"51 LEOPARDSTOWN GROVE, LEOPARDSTOWN, DUBLIN 18",Dublin,Leinster,Ireland
10/01/2018,150000,"52 CULLENSWOOD HOUSE, NORTHBROOK AVE, RANELAGH DUBLIN 6, Dublin 6",Dublin,Leinster,Ireland
10/01/2018,306000,"71 GOLDENBRIDGE AVE, INCHICORE, DUBLIN 8, Dublin 8",Dublin,Leinster,Ireland
10/01/2018,785000,"SARINA, 429 GRIFFITH AVE, GLASNEVIN DUBLIN 9, Dublin 9",Dublin,Leinster,Ireland
09/01/2018,200000,"1A SARSFIELD ST, OFF BERKELEY RD, DUBLIN 7",Dublin,Leinster,Ireland
09/01/2018,200000,"1B SARSFILED ROAD, PHIBBSBOROUGH, DUBLIN 7",Dublin,Leinster,Ireland
09/01/2018,570000,"2 CLOISTER GATE, CARYSFORT AVE, BLACKROCK",Dublin,Leinster,Ireland
09/01/2018,405606,"3 The Lane, Millers Glen, Swords",Dublin,Leinster,Ireland
08/01/2018,710000,"2 BEECH HOMES, TIVOLI RD, DUNLAOIRE",Dublin,Leinster,Ireland
08/01/2018,200000,"37 LANESBOROUGH COURT, FINGLAS, DUBLIN 11, Dublin 11",Dublin,Leinster,Ireland
08/01/2018,310000,"410 GALTYMORE RD, DRIMNAGH, DUBLIN 12, Dublin 12",Dublin,Leinster,Ireland
08/01/2018,246696,"8 CUIL DUIN ROW, CUIL DUIN, CITY WEST",Dublin,Leinster,Ireland
08/01/2018,212000,"APT 18, EATON GREEN, MAIN ST, Dublin 24",Dublin,Leinster,Ireland
05/01/2018,286343,"12 rathbeale grove, swords",Dublin,Leinster,Ireland
05/01/2018,320000,"16 SPRINGBANK, SAGGART, DUBLIN, Dublin 24",Dublin,Leinster,Ireland
05/01/2018,290748,"39 The Green, The Paddocks, Hansfield, Dublin 15",Dublin,Leinster,Ireland
05/01/2018,170000,"43 LORCAN GROVE, SANTRY, DUBLIN 9, Dublin 9",Dublin,Leinster,Ireland
05/01/2018,50000,"5 HARBOUR VIEW, HOWTH, DUBLIN 13, Dublin 13",Dublin,Leinster,Ireland
05/01/2018,280000,"60 GRIFFITH PARADE, BALLYGALL RD EAST, DUBLIN 11, Dublin 11",Dublin,Leinster,Ireland
05/01/2018,245000,"APT.2 - ST STEEVENS GATE, ST. JAMES STREET, DUBLIN 8",Dublin,Leinster,Ireland
04/01/2018,143000,"1 PARK HOUSE, WILLANS DR, ONGAR GREEN DUBLIN 15, Dublin 15",Dublin,Leinster,Ireland
04/01/2018,307000,"120 DOWLAND RD, WALKINSTOWN, DUBLIN 12, Dublin 12",Dublin,Leinster,Ireland
04/01/2018,460000,"16 CRESTFIELD AVE, WHITEHALL, DUBLIN 9, Dublin 9",Dublin,Leinster,Ireland
04/01/2018,345000,"65 CHRISTCHURCH VIEW, NICHOLAS ST, DUBLIN 8, Dublin 8",Dublin,Leinster,Ireland
03/01/2018,280000,"5 LAMBAY VIEW, RUSH, DUBLIN",Dublin,Leinster,Ireland
03/01/2018,605000,"63 ST BEGNETS VILLAS, DALKEY, DUBLIN",Dublin,Leinster,Ireland
02/01/2018,277000,"236 PHIBSBORO RD, DUBLIN 7, DUBLIN, Dublin 7",Dublin,Leinster,Ireland
10/01/2018,385000,"APT 36, GLASLYN, HOWTH RD DUBLIN 3, Dublin 3",Dublin,Leinster,Ireland
09/01/2018,691629.94,"19 Terenure Gate, Terenure, Dublin 6w, Dublin 6w",Dublin,Leinster,Ireland
09/01/2018,482000,"57 MOUNT DRUMMOND SQ, HAROLDS CROSS, DUBLIN 6, Dublin 6",Dublin,Leinster,Ireland
09/01/2018,330000,"95 THE GREEN, BEAUMONT WOODS, BEAUMONT DUBLIN 9, Dublin 9",Dublin,Leinster,Ireland
09/01/2018,660793,"Unit 56 Block A, Orwell Gate, Marianella, Dublin 6",Dublin,Leinster,Ireland
08/01/2018,285000,"10 THE MOORINGS, PORTOBELLO HARBOUR, DUBLIN 8, Dublin 8",Dublin,Leinster,Ireland
08/01/2018,200000,"12 HIGH ST, BALBRIGGAN, DUBLIN, Dublin 15",Dublin,Leinster,Ireland
08/01/2018,1260000,"16A BALLSBRIDGE AVE, BALLSBRIDGE, DUBLIN, Dublin 4",Dublin,Leinster,Ireland
08/01/2018,825000,"2 MOUNT PROSPECT LAWNS, CLONTARF, DUBLIN 3, Dublin 3",Dublin,Leinster,Ireland
08/01/2018,255600,"23 Elder Heath Grove, Elder Heath, Kiltipper Road, Dublin 24",Dublin,Leinster,Ireland
08/01/2018,350000,"30 CLANCY RD, FINGLAS, DUBLIN 11, Dublin 11",Dublin,Leinster,Ireland
08/01/2018,149780,"33 Birch House, Silverbanks, Baldoyle, Dublin 13",Dublin,Leinster,Ireland
08/01/2018,418502,"8 Grace Park Way, Grace Park Wood, Grace Park Road, Dublin 9",Dublin,Leinster,Ireland
08/01/2018,207500,"APT 11 ST PETERS SQ, PHIBSBORO PLACE, PHIBSBORO DUBLIN 7, Dublin 7",Dublin,Leinster,Ireland
08/01/2018,1620000,"COOLMANAGH, 75CARRICKBREAC RD, BAILY DUBLIN 13, Dublin 13",Dublin,Leinster,Ireland
08/01/2018,1675000,"MOUNTEAGLE HOUSE, KILGOBBIN RD, SANDYFORD DUBLIN 18, Dublin 18",Dublin,Leinster,Ireland
08/01/2018,2020000,"PRAGUE, JOHNSTOWN COURT, DUN LAOGHAIRE",Dublin,Leinster,Ireland
08/01/2018,500000,"WOODVILLE, BELINSTOWN, BALLYBOUGHAL",Dublin,Leinster,Ireland
05/01/2018,193800,"121 IVERAGH RD, GAELTACHT PARK, DUBLIN 9, Dublin 9",Dublin,Leinster,Ireland
05/01/2018,375000,"19 GLANDORE RD, DRUMCONDRA, DUBLIN CITY, Dublin 9",Dublin,Leinster,Ireland
05/01/2018,410000,"19 PARK HOUSE, BENSON ST, DUBLIN 2, Dublin 2",Dublin,Leinster,Ireland
05/01/2018,300000,"21 CASTLEGRANGE DR, CLONSILLA, DUBLIN 15, Dublin 15",Dublin,Leinster,Ireland
05/01/2018,273000,"40 LARKFIELD VIEW, LUCAN, DUBLIN",Dublin,Leinster,Ireland
05/01/2018,156500,"6 DEERPARK LODGE, KILTIPPER, DUBLIN 24, Dublin 24",Dublin,Leinster,Ireland
05/01/2018,652000,"619 CLONARD RD, KIMMAGE, DUBLIN 12, Dublin 12",Dublin,Leinster,Ireland
05/01/2018,1300000,"9 NEWTOWNSMITH, SANDYCOVE, DUBLIN",Dublin,Leinster,Ireland
05/01/2018,215000,"APT 102, ROYAL CANAL COURT, ROYAL CANAL WAY DUBLIN 15, Dublin 15",Dublin,Leinster,Ireland
04/01/2018,365000,"11 WARRENMOUNT PLACE, BLACKPITTS, DUBLIN 8, Dublin 8",Dublin,Leinster,Ireland
04/01/2018,246346,"15 BROOKDALE RD, RIVERVALLEY, SWORDS",Dublin,Leinster,Ireland
04/01/2018,453744,"16 Grace Park Grove, Grace Park Wood, Grace Park Road, Dublin 9",Dublin,Leinster,Ireland
04/01/2018,395000,"16 ST JOSEPHS SQ, CLONTARF, DUBLIN 3, Dublin 3",Dublin,Leinster,Ireland
04/01/2018,260000,"21 CAIRNWOOD COURT, TALLAGHT, DUBLIN 24, Dublin 24",Dublin,Leinster,Ireland
04/01/2018,400000,"32 ABBEY PARK, KILLESTER, DUBLIN 5, Dublin 5",Dublin,Leinster,Ireland
04/01/2018,440528,"35 Grace Park, Dromcondra, Dublin 9",Dublin,Leinster,Ireland
04/01/2018,286343.6,"38 The Green, The Paddocks, Hansfield, Dublin 15",Dublin,Leinster,Ireland
04/01/2018,140969.16,"5 Willow House, Silverbanks, The Coast, Dublin 13",Dublin,Leinster,Ireland
04/01/2018,240000,"9 THE PADDOCKS CRESCENT, ADAMSTOWN, LUCAN",Dublin,Leinster,Ireland
04/01/2018,422907.49,"Apt 89 Eustace Court, Cualanor, Upper Glenageary Road",Dublin,Leinster,Ireland
04/01/2018,249000,"APT 9 GROUND FLOOR, TIMBER MILL, ARTANE DUBLIN 5, Dublin 5",Dublin,Leinster,Ireland
03/01/2018,360000,"10 SHANTALLA PARK, BEAUMONT, DUBLIN 9, Dublin 9",Dublin,Leinster,Ireland
03/01/2018,372000,"147 KILDARE RD, CRUMLIN, DUBLIN 12, Dublin 12",Dublin,Leinster,Ireland
03/01/2018,456000,"17 WOODSTOWN LANE, KNOCKLYON, DUBLIN 16, Dublin 16",Dublin,Leinster,Ireland
03/01/2018,273488,"20 Greenbank House, Cualanor, Upper Glenageary Road",Dublin,Leinster,Ireland
03/01/2018,269000,"28 LYMEWOODS MEWS, NORTHWOOD, SANTRY",Dublin,Leinster,Ireland
03/01/2018,245000,"65 COLLEGEFORT, CASTLEKNOCK, DUBLIN 15, Dublin 15",Dublin,Leinster,Ireland
03/01/2018,305000,"APT 18, MARYLAND HOUSE BEECHFIELD HAVEN, SHANKILL, Dublin 18",Dublin,Leinster,Ireland
02/01/2018,627230.7,"1 ROSEVILLE, LOWER ROAD, SHANKILL, Dublin 18",Dublin,Leinster,Ireland
02/01/2018,1130000,"19 ULVERTON RD, DALKEY, DUBLIN",Dublin,Leinster,Ireland
02/01/2018,545000,"51A ST PATRICKS CRESCENT, MONKSTOWN, DUBLIN",Dublin,Leinster,Ireland
02/01/2018,230000,"APT 67 SEAPARK, MOUNT PROSPECT AVE, CLONTARF DUBLIN 3, Dublin 3",Dublin,Leinster,Ireland
03/01/2018,302500,"61 CROMCASTLE RD, KILMORE WEST, COOLOCK DUBLIN 5, Dublin 5",Dublin,Leinster,Ireland
02/01/2018,180000,"62 ABBERLEY APTS, ABBERLEY SQ, HIGH ST DUBLIN 24, Dublin 24",Dublin,Leinster,Ireland
